,Code,Company,Count
14D,14D,1414 Degrees Ltd,0
1ST,1ST,1ST Group Ltd,0
3PL,3PL,3P Learning Ltd,0
4DS,4DS,4DS Memory Ltd,0
5GN,5GN,5G Networks Ltd,0
88E,88E,88 Energy Ltd,0
8CO,8CO,8COMMON Ltd,0
8IH,8IH,8I Holdings Ltd,0
8EC,8EC,8IP Emerging Companies Ltd,0
8VI,8VI,8VIC Holdings Ltd,0
9SP,9SP,9 Spokes International Ltd,0
ACB,ACB,A-Cap Energy Ltd,0
A2B,A2B,A2B Australia Ltd,0
ABP,ABP,Abacus Property Group,0
ABL,ABL,Abilene Oil and Gas Ltd,0
AEG,AEG,Absolute Equity Performance Fund Ltd,0
ABT,ABT,Abundant Produce Ltd,0
ACS,ACS,Accent Resources NL,0
ACQ,ACQ,Acorn Capital Investment Fund Ltd,0
ACF,ACF,Acrow Formwork and Construction Services Ltd,0
ACR,ACR,ACRUX Ltd,0
ACW,ACW,Actinogen Medical Ltd,0
ACU,ACU,Acumentis Group Ltd,0
AD1,AD1,AD1 Holdings Ltd,0
ADA,ADA,Adacel Technologies Ltd,0
ADH,ADH,Adairs Ltd,0
1AD,1AD,Adalta Ltd,0
ADD,ADD,Adavale Resources Ltd,0
ABC,ABC,Adelaide Brighton Ltd,0
ADR,ADR,Adherium Ltd,0
AHZ,AHZ,Admedus Ltd,0
ADY,ADY,Admiralty Resources NL,0
ADT,ADT,Adriatic Metals Plc,0
ADJ,ADJ,Adslot Ltd,0
ABV,ABV,Advanced Braking Technology Ltd,0
ADX,ADX,ADX Energy Ltd,0
AER,AER,Aeeris Ltd,0
AEI,AEI,Aeris Environmental Ltd,0
AFL,AFL,Af Legal Group Ltd,0
AEB,AEB,Affinity Energy and Health Ltd,0
AFR,AFR,African Energy Resources Ltd,0
A1G,A1G,African Gold Ltd,0
AFT,AFT,AFT Corporation Ltd,0
AFP,AFP,Aft Pharmaceuticals Ltd,0
AGL,AGL,AGL Energy Ltd,0
AGJ,AGJ,Agricultural Land Trust,0
AGR,AGR,Aguia Resources Ltd,0
AHL,AHL,Ahalife Holdings Ltd,0
A1M,A1M,Aic Mines Ltd,0
AGI,AGI,Ainsworth Game Technology Ltd,0
A40,A40,Alita Resources Ltd,0
AHQ,AHQ,Allegiance Coal Ltd,0
AGS,AGS,Alliance Resources Ltd,0
AGE,AGE,Alligator Energy Ltd,0
A4N,A4N,Alpha Hpa Ltd,0
1AG,1AG,Alterra Ltd,0
AGH,AGH,Althea Group Holdings Ltd,0
3DA,3DA,Amaero International Ltd,0
ABR,ABR,American Pacific Borates Ltd,0
ADN,ADN,Andromeda Metals Ltd,0
AAR,AAR,Anglo Australian Resources NL,0
AGG,AGG,Anglogold Ashanti Ltd,0
ADO,ADO,Anteotech Ltd,0
AGX1,AGX1,Antipodes Global Shares (Quoted Managed Fund),0
AHX,AHX,Apiam Animal Health Ltd,0
ADI,ADI,Apn Industria REIT,0
ADV,ADV,Ardiden Ltd,0
AGY,AGY,Argosy Minerals Ltd,0
AHK,AHK,Ark Mines Ltd,0
AAJ,AAJ,Aruma Resources Ltd,0
AHY,AHY,Asaleo Care Ltd,0
AFA,AFA,Asf Group Ltd,0
AHN,AHN,Athena Resources Ltd,0
AIA,AIA,Auckland International Airport Ltd,0
ACP,ACP,Audalia Resources Ltd,0
AD8,AD8,Audinate Group Ltd,0
AEE,AEE,Aura Energy Ltd,0
ABW,ABW,Aurora Absolute Return Fund,0
A3D,A3D,Aurora Labs Ltd,0
AC8,AC8,Auscann Group Holdings Ltd,0
AGD,AGD,Austral Gold Ltd,0
AAC,AAC,Australian Agricultural Company Ltd,0
AAP,AAP,Australian Agricultural Projects Ltd,0
ABX,ABX,Australian Bauxite Ltd,0
AHF,AHF,Australian Dairy Nutritionals Group,0
AEF,AEF,Australian Ethical Investment Ltd,0
AFG,AFG,Australian Finance Group Ltd,0
AFI,AFI,Australian Foundation Investment Company Ltd,0
AGM,AGM,Australian Governance & Ethical INDEX Fund,0
ABA,ABA,Auswide Bank Ltd,0
AEV,AEV,Avenira Ltd,0
A200,A200,Betashares Australia 200 ETF,0
AGVT,AGVT,Betashares Australian Government Bond ETF,0
AAA,AAA,Betashares Australian High Interest Cash ETF,0
ACDC,ACDC,ETFs Battery Tech & Lithium ETF,0
4CE,4CE,Force Commodities Ltd,0
360,360,LIFE360 Inc,0
1AL,1AL,Oneall International Ltd,0
3DP,3DP,Pointerra Ltd,0
A2M,A2M,The a2 Milk Company Ltd,0
2BE,2BE,Tubi Ltd,0
AIB,AIB,Aurora Global Income Trust,0
AIQ,AIQ,Alternative Investment Trust,0
AIR,AIR,Astivita Ltd,0
AIS,AIS,Aeris Resources Ltd,0
AIV,AIV,Activex Ltd,0
AIY,AIY,Authorised Investment Fund Ltd,0
AIZ,AIZ,Air New Zealand Ltd,0
AJC,AJC,Acacia Coal Ltd,0
AJJ,AJJ,Asian American Medical Group Ltd,0
AJL,AJL,AJ Lucas Group Ltd,0
AJM,AJM,Altura Mining Ltd,0
AJQ,AJQ,Armour Energy Ltd,0
AJX,AJX,Alexium International Group Ltd,0
AJY,AJY,Asaplus Resources Ltd,0
AKG,AKG,Academies Australasia Group Ltd,0
AKM,AKM,Aspire Mining Ltd,0
AKN,AKN,Auking Mining Ltd,0
AKP,AKP,Audio Pixels Holdings Ltd,0
AL3,AL3,AML3D Ltd,0
AL8,AL8,Alderan Resources Ltd,0
ALC,ALC,Alcidion Group Ltd,0
ALF,ALF,Australian Leaders Fund Ltd,0
ALG,ALG,Ardent Leisure Group Ltd,0
ALI,ALI,Argo Global Listed Infrastructure Ltd,0
ALK,ALK,Alkane Resources Ltd,0
ALL,ALL,Aristocrat Leisure Ltd,0
ALQ,ALQ,Als Ltd,0
ALT,ALT,Analytica Ltd,0
ALU,ALU,Altium Ltd,0
ALX,ALX,Atlas Arteria,0
ALY,ALY,Alchemy Resources Ltd,0
AMA,AMA,AMA Group Ltd,0
AMB,AMB,Ambition Group Ltd,0
AMC,AMC,Amcor Plc,0
AMD,AMD,Arrow Minerals Ltd,0
AME,AME,Alto Metals Ltd,0
AMG,AMG,Ausmex Mining Group Ltd,0
AMH,AMH,Amcil Ltd,0
AMI,AMI,Aurelia Metals Ltd,0
AML,AML,Aeon Metals Ltd,0
AMN,AMN,Agrimin Ltd,0
AMO,AMO,Ambertech Ltd,0
AMP,AMP,AMP Ltd,0
AMS,AMS,Atomos Ltd,0
AMT,AMT,Allegra Orthopaedics Ltd,0
AMX,AMX,Aerometrex Ltd,0
ANA,ANA,Ansila Energy NL,0
ANG,ANG,Austin Engineering Ltd,0
ANL,ANL,Amani Gold Ltd,0
ANN,ANN,Ansell Ltd,0
ANO,ANO,Advance Nanotek Ltd,0
ANP,ANP,Antisense Therapeutics Ltd,0
ANR,ANR,Anatara Lifesciences Ltd,0
ANS,ANS,Austsino Resources Group Ltd,0
ANW,ANW,Aus Tin Mining Ltd,0
ANZ,ANZ,Australia and New Zealand Banking Group Ltd,0
AO1,AO1,Assetowl Ltd,0
AOA,AOA,Ausmon Resources Ltd,0
AOF,AOF,Australian Unity Office Fund,0
AON,AON,Apollo Minerals Ltd,0
AOP,AOP,Apollo Consolidated Ltd,0
AOU,AOU,Auroch Minerals Ltd,0
AOW,AOW,American Patriot Oil & Gas Ltd,0
APA,APA,APA Group,0
APC,APC,Australian Potash Ltd,0
APD,APD,Apn Property Group,0
APE,APE,AP Eagers Ltd,0
APG,APG,Austpac Resources NL,0
APH,APH,Australian Primary Hemp Ltd,0
API,API,Australian Pharmaceutical Industries Ltd,0
APL,APL,Antipodes Global Investment Company Ltd,0
APT,APT,Afterpay Ltd,0
APV,APV,Appsvillage Australia Ltd,0
APW,APW,Aims Property Securities Fund,0
APX,APX,Appen Ltd,0
APZ,APZ,Aspen Group,0
AQC,AQC,Australian Pacific Coal Ltd,0
AQD,AQD,Ausquest Ltd,0
AQG,AQG,Alacer Gold Corp,0
AQI,AQI,Alicanto Minerals Ltd,0
AQR,AQR,Apn Convenience Retail REIT,0
AQS,AQS,AQUIS Entertainment Ltd,0
AQX,AQX,Alice QUEEN Ltd,0
AQZ,AQZ,Alliance Aviation Services Ltd,0
AR9,AR9,Archtis Ltd,0
ARA,ARA,Ariadne Australia Ltd,0
ARB,ARB,ARB Corporation Ltd,0
ARC,ARC,Australian Rural Capital Ltd,0
ARD,ARD,Argent Minerals Ltd,0
ARE,ARE,Argonaut Resources NL,0
ARF,ARF,Arena REIT,0
ARG,ARG,Argo Investments Ltd,0
ARL,ARL,Ardea Resources Ltd,0
ARM,ARM,Aurora Minerals Ltd,0
ARN,ARN,Aldoro Resources Ltd,0
ARO,ARO,Astro Resources NL,0
ARQ,ARQ,ARQ Group Ltd,0
ARS,ARS,Alt Resources Ltd,0
ARU,ARU,Arafura Resources Ltd,0
ARV,ARV,Artemis Resources Ltd,0
AS1,AS1,Angel Seafood Holdings Ltd,0
ASB,ASB,Austal Ltd,0
ASG,ASG,Autosports Group Ltd,0
ASH,ASH,Ashley Services Group Ltd,0
ASIA,ASIA,Betashares Asia Technology Tigers ETF,0
ASN,ASN,Anson Resources Ltd,0
ASP,ASP,Aspermont Ltd,0
ASQ,ASQ,Australian Silica Quartz Group Ltd,0
AST,AST,Ausnet Services Ltd,0
ASW,ASW,Advanced Share Registry Ltd,0
ASX,ASX,ASX Ltd,0
AT1,AT1,Atomo Diagnostics Ltd,0
ATC,ATC,Altech Chemicals Ltd,0
ATEC,ATEC,Betashares S&P/ASX Australian Technology ETF,0
ATH,ATH,Alterity Therapeutics Ltd,0
ATL,ATL,Apollo Tourism & Leisure Ltd,0
ATM,ATM,Aneka Tambang (Persero) TBK (PT),0
ATP,ATP,Atlas Pearls Ltd,0
ATR,ATR,Astron Corporation Ltd,0
ATS,ATS,Australis Oil & Gas Ltd,0
ATU,ATU,Atrum Coal Ltd,0
ATX,ATX,Amplia Therapeutics Ltd,0
AU1,AU1,The Agency Group Australia Ltd,0
AU8,AU8,Aumake International Ltd,0
AUB,AUB,AUB Group Ltd,0
AUC,AUC,Ausgold Ltd,0
AUDS,AUDS,Betashares Strong Australian Dollar Fund (Hedge Fund),0
AUH,AUH,Austchina Holdings Ltd,0
AUI,AUI,Australian United Investment Company Ltd,0
AUL,AUL,Austar Gold Ltd,0
AUMF,AUMF,Ishares Edge MSCI Australia Multifactor ETF,0
AUP,AUP,Aurora Property Buy-Write Income Trust,0
AUQ,AUQ,Alara Resources Ltd,0
AUR,AUR,Auris Minerals Ltd,0
AUST,AUST,Betashares Managed Risk Australian Share Fund,0
AUT,AUT,Auteco Minerals Ltd,0
AUZ,AUZ,Australian Mines Ltd,0
AV1,AV1,Adveritas Ltd,0
AVA,AVA,AVA Risk Group Ltd,0
AVC,AVC,Auctus Alternative Investments Ltd,0
AVE,AVE,Avecho Biotechnology Ltd,0
AVG,AVG,Australian Vintage Ltd,0
AVH,AVH,Avita Medical Ltd,0
AVJ,AVJ,Avjennings Ltd,0
AVL,AVL,Australian Vanadium Ltd,0
AVN,AVN,Aventus Group,0
AVQ,AVQ,Axiom Mining Ltd,0
AVW,AVW,Avira Resources Ltd,0
AVZ,AVZ,AVZ Minerals Ltd,0
AWC,AWC,Alumina Ltd,0
AWN,AWN,Arowana International Ltd,0
AWV,AWV,Anova Metals Ltd,0
AWY,AWY,Australian Whisky Holdings Ltd,0
AX1,AX1,Accent Group Ltd,0
AX8,AX8,Accelerate Resources Ltd,0
AXE,AXE,Archer Materials Ltd,0
AXI,AXI,Axiom Properties Ltd,0
AXT,AXT,Argo Exploration Ltd,0
AYF,AYF,Australian Enhanced Income Fund,0
AYI,AYI,A1 Investments & Resources Ltd,0
AYM,AYM,Australia United Mining Ltd,0
AYR,AYR,Alloy Resources Ltd,0
AYS,AYS,Amaysim Australia Ltd,0
AZI,AZI,Alta ZINC Ltd,0
AZJ,AZJ,Aurizon Holdings Ltd,0
AZS,AZS,AZURE Minerals Ltd,0
AZT,AZT,AZURE Health Tech,0
AZV,AZV,AZURE Healthcare Ltd,0
AZY,AZY,Antipa Minerals Ltd,0
B2Y,B2Y,Bounty Mining Ltd,0
BAF,BAF,Blue Sky Alternatives Access Fund Ltd,0
BAP,BAP,Bapcor Ltd,0
BAR,BAR,Barra Resources Ltd,0
BAS,BAS,Bass Oil Ltd,0
BAT,BAT,Battery Minerals Ltd,0
BBC,BBC,BNK Banking Corporation Ltd,0
BBL,BBL,Brisbane Broncos Ltd,0
BBN,BBN,Baby Bunting Group Ltd,0
BBOZ,BBOZ,Betashares Australian Equities Strongbearhedgefund,0
BBUS,BBUS,Betashares US EQ Strong Bear Hdge FND-CRNCY Hdged,0
BBX,BBX,BBX Minerals Ltd,0
BC8,BC8,Black Cat Syndicate Ltd,0
BCB,BCB,Bowen Coking Coal Ltd,0
BCC,BCC,Beam Communications Holdings Ltd,0
BCI,BCI,BCI Minerals Ltd,0
BCK,BCK,Brockman Mining Ltd,0
BCL,BCL,Bunji Corporation Ltd,0
BCN,BCN,Beacon Minerals Ltd,0
BCT,BCT,Bluechiip Ltd,0
BD1,BD1,BARD1 Life Sciences Ltd,0
BDA,BDA,Bod Australia Ltd,0
BDC,BDC,Bardoc Gold Ltd,0
BDG,BDG,Black Dragon Gold Corp,0
BDI,BDI,Blina Minerals NL,0
BEAR,BEAR,Betashares Australian Equities Bear Hedge Fund,0
BEE,BEE,Broo Ltd,0
BEL,BEL,Bentley Capital Ltd,0
BEM,BEM,Blackearth Minerals NL,0
BEN,BEN,Bendigo and Adelaide Bank Ltd,0
BET,BET,Betmakers Technology Group Ltd,0
BFC,BFC,Beston Global Food Company Ltd,0
BFG,BFG,Bell Financial Group Ltd,0
BGA,BGA,Bega Cheese Ltd,0
BGL,BGL,Bellevue Gold Ltd,0
BGP,BGP,Briscoe Group Australasia Ltd,0
BGT,BGT,Bio-Gene Technology Ltd,0
BHD,BHD,Benjamin Hornigold Ltd,0
BHL,BHL,Boyuan Holdings Ltd,0
BHP,BHP,BHP Group Ltd,0
BID,BID,Bidenergy Ltd,0
BILL,BILL,Ishares Core Cash ETF,0
BIN,BIN,Bingo Industries Ltd,0
BIQ,BIQ,"Buildingiq, Inc",0
BIR,BIR,BIR Financial Ltd,0
BIS,BIS,Bisalloy Steel Group Ltd,0
BIT,BIT,Biotron Ltd,0
BKI,BKI,BKI Investment Company Ltd,0
BKL,BKL,Blackmores Ltd,0
BKT,BKT,Black Rock Mining Ltd,0
BKW,BKW,Brickworks Ltd,0
BKY,BKY,Berkeley Energia Ltd,0
BLA,BLA,Blue Sky Alternative Investments Ltd,0
BLD,BLD,Boral Ltd,0
BLG,BLG,Bluglass Ltd,0
BLK,BLK,Blackham Resources Ltd,0
BLU,BLU,Blue Energy Ltd,0
BLV,BLV,Blossomvale Holdings Ltd,0
BLX,BLX,Beacon Lighting Group Ltd,0
BLY,BLY,Boart Longyear Ltd,0
BLZ,BLZ,BLAZE International Ltd,0
BMG,BMG,BMG Resources Ltd,0
BMH,BMH,Baumart Holdings Ltd,0
BMN,BMN,Bannerman Resources Ltd,0
BNDS,BNDS,Betashares Legg Mason Australian Bond Fund (Managed Fund),0
BNKS,BNKS,Betashares Global Banks ETF - Currency Hedged,0
BNL,BNL,Big Star Energy Ltd,0
BNO,BNO,Bionomics Ltd,0
BNR,BNR,Bulletin Resources Ltd,0
BOA,BOA,Boadicea Resources Ltd,0
BOC,BOC,Bougainville Copper Ltd,0
BOE,BOE,Boss Resources Ltd,0
BOL,BOL,Boom Logistics Ltd,0
BOND,BOND,SPDR S&P/ASX Australian Bond Fund,0
BOQ,BOQ,Bank of Queensland Ltd,0
BOT,BOT,Botanix Pharmaceuticals Ltd,0
BPH,BPH,BPH Energy Ltd,0
BPL,BPL,Broken Hill Prospecting Ltd,0
BPP,BPP,Babylon Pump & Power Ltd,0
BPT,BPT,Beach Energy Ltd,0
BRB,BRB,Breaker Resources NL,0
BRG,BRG,Breville Group Ltd,0
BRI,BRI,Big River Industries Ltd,0
BRK,BRK,Brookside Energy Ltd,0
BRL,BRL,Bathurst Resources Ltd,0
BRN,BRN,Brainchip Holdings Ltd,0
BRU,BRU,Buru Energy Ltd,0
BRV,BRV,Big River Gold Ltd,0
BSA,BSA,BSA Ltd,0
BSE,BSE,Base Resources Ltd,0
BSL,BSL,Bluescope Steel Ltd,0
BSM,BSM,Bass Metals Ltd,0
BSP,BSP,Black Star Petroleum Ltd,0
BSR,BSR,Bassari Resources Ltd,0
BSX,BSX,Blackstone Minerals Ltd,0
BTC,BTC,BTC Health Ltd,0
BTH,BTH,Bigtincan Holdings Ltd,0
BTI,BTI,Bailador Technology Investments Ltd,0
BUB,BUB,Bubs Australia Ltd,0
BUD,BUD,Buddy Technologies Ltd,0
BUG,BUG,Buderim Group Ltd,0
BUX,BUX,Buxton Resources Ltd,0
BUY,BUY,Bounty Oil & Gas NL,0
BVS,BVS,Bravura Solutions Ltd,0
BWF,BWF,Blackwall Ltd,0
BWP,BWP,BWP Trust,0
BWR,BWR,Blackwall Property Trust,0
BWX,BWX,BWX Ltd,0
BXB,BXB,Brambles Ltd,0
BXN,BXN,Bioxyne Ltd,0
BYE,BYE,Byron Energy Ltd,0
BYH,BYH,Bryah Resources Ltd,0
BYI,BYI,Beyond International Ltd,0
C6C,C6C,Copper Mountain Mining Corporation,0
CA8,CA8,Coassets Ltd,0
CAA,CAA,Capral Ltd,0
CAD,CAD,Caeneus Minerals Ltd,0
CAE,CAE,Cannindah Resources Ltd,0
CAF,CAF,Centrepoint Alliance Ltd,0
CAG,CAG,Cape Range Ltd,0
CAI,CAI,Calidus Resources Ltd,0
CAJ,CAJ,Capitol Health Ltd,0
CAM,CAM,Clime Capital Ltd,0
CAN,CAN,Cann Group Ltd,0
CAP,CAP,Carpentaria Resources Ltd,0
CAQ,CAQ,CAQ Holdings Ltd,0
CAR,CAR,Carsales.com Ltd,0
CAT,CAT,Catapult Group International Ltd,0
CAU,CAU,Cronos Australia Ltd,0
CAV,CAV,Carnavale Resources Ltd,0
CAY,CAY,Canyon Resources Ltd,0
CAZ,CAZ,Cazaly Resources Ltd,0
CBA,CBA,Commonwealth Bank of Australia,0
CBE,CBE,Cobre Ltd,0
CBR,CBR,Carbon Revolution Ltd,0
CBY,CBY,Canterbury Resources Ltd,0
CCA,CCA,Change Financial Ltd,0
CCE,CCE,Carnegie Clean Energy Ltd,0
CCG,CCG,Commschoice Group Ltd,0
CCJ,CCJ,County International Ltd,0
CCL,CCL,Coca-Cola Amatil Ltd,0
CCP,CCP,Credit Corp Group Ltd,0
CCV,CCV,Cash Converters International,0
CCX,CCX,City Chic Collective Ltd,0
CCZ,CCZ,Castillo Copper Ltd,0
CD1,CD1,Cordish Dixon Private Equity Fund I,0
CD2,CD2,Cordish Dixon Private Equity Fund Ii,0
CD3,CD3,Cordish Dixon Private Equity Fund Iii,0
CDA,CDA,Codan Ltd,0
CDD,CDD,Cardno Ltd,0
CDH,CDH,Chongherr Investments Ltd,0
CDM,CDM,Cadence Capital Ltd,0
CDP,CDP,Carindale Property Trust,0
CDT,CDT,Castle Minerals Ltd,0
CDV,CDV,Cardinal Resources Ltd,0
CDX,CDX,Cardiex Ltd,0
CDY,CDY,Cellmid Ltd,0
CE1,CE1,Calima Energy Ltd,0
CEL,CEL,Challenger Exploration Ltd,0
CEN,CEN,Contact Energy Ltd,0
CETF,CETF,Vaneck Vectors Ftse China A50 ETF,0
CFE,CFE,Cape Lambert Resources Ltd,0
CFO,CFO,Cfoam Ltd,0
CG1,CG1,Carbonxt Group Ltd,0
CGA,CGA,Contango Asset Management Ltd,0
CGB,CGB,Cann Global Ltd,0
CGC,CGC,Costa Group Holdings Ltd,0
CGF,CGF,Challenger Ltd,0
CGL,CGL,The Citadel Group Ltd,0
CGM,CGM,Cougar Metals NL,0
CGN,CGN,Crater Gold Mining Ltd,0
CGO,CGO,CPT Global Ltd,0
CGR,CGR,CML Group Ltd,0
CGS,CGS,Cogstate Ltd,0
CHC,CHC,Charter Hall Group,0
CHK,CHK,Cohiba Minerals Ltd,0
CHN,CHN,Chalice Gold Mines Ltd,0
CHZ,CHZ,Chesser Resources Ltd,0
CI1,CI1,Credit Intelligence Ltd,0
CIA,CIA,Champion Iron Ltd,0
CIE,CIE,Contango Income Generator Ltd,0
CII,CII,Ci Resources Ltd,0
CIM,CIM,Cimic Group Ltd,0
CIN,CIN,Carlton Investments Ltd,0
CINPA,CINPA,Carlton Investments Ltd,0
CIO,CIO,Connected Io Ltd,0
CIP,CIP,Centuria Industrial REIT,0
CIW,CIW,Clime Investment Management Ltd,0
CKA,CKA,Cokal Ltd,0
CKF,CKF,Collins Foods Ltd,0
CL1,CL1,Class Ltd,0
CL8,CL8,Collaborate Corporation Ltd,0
CLA,CLA,Celsius Resources Ltd,0
CLB,CLB,Candy Club Holdings Ltd,0
CLF,CLF,Concentrated Leaders Fund Ltd,0
CLH,CLH,Collection House Ltd,0
CLI,CLI,Croplogic Ltd,0
CLQ,CLQ,Clean TEQ Holdings Ltd,0
CLT,CLT,Cellnet Group Ltd,0
CLV,CLV,Clover Corporation Ltd,0
CLW,CLW,Charter Hall Long Wale REIT,0
CLX,CLX,Cti Logistics Ltd,0
CLZ,CLZ,Classic Minerals Ltd,0
CM1,CM1,Coolgardie Minerals Ltd,0
CM8,CM8,Crowd Media Holdings Ltd,0
CMC,CMC,China Magnesium Corporation Ltd,0
CMD,CMD,Cassius Mining Ltd,0
CML,CML,Chase Mining Corporation Ltd,0
CMM,CMM,Capricorn Metals Ltd,0
CMP,CMP,Compumedics Ltd,0
CMW,CMW,Cromwell Property Group,0
CNB,CNB,Carnaby Resources Ltd,0
CNEW,CNEW,Vaneck Vectors China New Economy ETF,0
CNI,CNI,Centuria Capital Group,0
CNJ,CNJ,Conico Ltd,0
CNL,CNL,Celamin Holdings Ltd,0
CNU,CNU,Chorus Ltd,0
CNW,CNW,Cirrus Networks Holdings Ltd,0
COB,COB,Cobalt Blue Holdings Ltd,0
COE,COE,Cooper Energy Ltd,0
COF,COF,Centuria Office REIT,0
COG,COG,Consolidated Operations Group Ltd,0
COH,COH,Cochlear Ltd,0
COI,COI,Comet Ridge Ltd,0
COL,COL,Coles Group Ltd,0
COO,COO,Corum Group Ltd,0
CORE,CORE,ETFs Global Core Infrastructure ETF,0
COS,COS,Cosol Ltd,0
COY,COY,Coppermoly Ltd,0
CP1,CP1,Cannpal Animal Therapeutics Ltd,0
CPH,CPH,Creso Pharma Ltd,0
CPT,CPT,Cipherpoint Ltd,0
CPU,CPU,Computershare Ltd,0
CPV,CPV,Clearvue Technologies Ltd,0
CQE,CQE,Charter Hall Social Infrastructure REIT,0
CQR,CQR,Charter Hall Retail REIT,0
CR1,CR1,Constellation Resources Ltd,0
CRB,CRB,Carbine Resources Ltd,0
CRED,CRED,Betashares Australian Investment Grade Corporate Bond ETF,0
CRL,CRL,Comet Resources Ltd,0
CRM,CRM,Carbon Minerals Ltd,0
CRN,CRN,Coronado Global Resources Inc,0
CRO,CRO,Cirralto Ltd,0
CRS,CRS,Caprice Resources Ltd,0
CSD,CSD,Consolidated Tin Mines Ltd,0
CSE,CSE,Copper Strike Ltd,0
CSL,CSL,CSL Ltd,0
CSR,CSR,CSR Ltd,0
CSS,CSS,Clean Seas Seafood Ltd,0
CST,CST,Castile Resources Ltd,0
CT1,CT1,CCP Technologies Ltd,0
CTD,CTD,Corporate Travel Management Ltd,0
CTE,CTE,Cryosite Ltd,0
CTM,CTM,Centaurus Metals Ltd,0
CTO,CTO,Citigold Corporation Ltd,0
CTP,CTP,Central Petroleum Ltd,0
CTX,CTX,Caltex Australia Ltd,0
CUE,CUE,CUE Energy Resources Ltd,0
CUL,CUL,Cullen Resources Ltd,0
CUP,CUP,Countplus Ltd,0
CURE,CURE,ETFs S&P Biotech ETF,0
CUV,CUV,Clinuvel Pharmaceuticals Ltd,0
CUX,CUX,Crossland Strategic Metals Ltd,0
CV1,CV1,CV Check Ltd,0
CVC,CVC,CVC Ltd,0
CVF,CVF,Contrarian Value Fund Ltd,0
CVL,CVL,Civmec Ltd,0
CVN,CVN,Carnarvon Petroleum Ltd,0
CVS,CVS,Cervantes Corporation Ltd,0
CVV,CVV,Caravel Minerals Ltd,0
CVW,CVW,Clearview Wealth Ltd,0
CWL,CWL,Chant West Holdings Ltd,0
CWN,CWN,Crown Resorts Ltd,0
CWP,CWP,Cedar Woods Properties Ltd,0
CWX,CWX,Carawine Resources Ltd,0
CWY,CWY,Cleanaway Waste Management Ltd,0
CWZ,CWZ,Cashwerkz Ltd,0
CXL,CXL,CALIX Ltd,0
CXM,CXM,Centrex Metals Ltd,0
CXO,CXO,Core Lithium Ltd,0
CXU,CXU,Cauldron Energy Ltd,0
CXX,CXX,Cradle Resources Ltd,0
CXZ,CXZ,Connexion Telematics Ltd,0
CY5,CY5,CYGNUS Gold Ltd,0
CYC,CYC,Cyclopharm Ltd,0
CYG,CYG,Coventry Group Ltd,0
CYL,CYL,Catalyst Metals Ltd,0
CYM,CYM,Cyprium Metals Ltd,0
CYP,CYP,Cynata Therapeutics Ltd,0
CYQ,CYQ,CYCLIQ Group Ltd,0
CZI,CZI,Cassini Resources Ltd,0
CZL,CZL,Consolidated ZINC Ltd,0
CZN,CZN,Corazon Mining Ltd,0
CZR,CZR,Coziron Resources Ltd,0
D13,D13,Delaware Thirteen Ltd,0
D2O,D2O,Duxton Water Ltd,0
DAF,DAF,Discovery Africa Ltd,0
DAU,DAU,Dampier Gold Ltd,0
DAV,DAV,Davenport Resources Ltd,0
DBBF,DBBF,Betashares Diversified Balanced ETF,0
DBF,DBF,Duxton Broadacre Farms Ltd,0
DCC,DCC,Digitalx Ltd,0
DCG,DCG,Decmil Group Ltd,0
DCL,DCL,Domacom Ltd,0
DCN,DCN,Dacian Gold Ltd,0
DCX,DCX,Discovex Resources Ltd,0
DDD,DDD,3D Resources Ltd,0
DDR,DDR,Dicker Data Ltd,0
DDT,DDT,Datadot Technology Ltd,0
DEG,DEG,De Grey Mining Ltd,0
DEM,DEM,De.Mem Ltd,0
DEV,DEV,DEVEX Resources Ltd,0
DFM,DFM,Dongfang Modern Agriculture Holding Group Ltd,0
DGGF,DGGF,Betashares Diversified Growth ETF,0
DGH,DGH,Desane Group Holdings Ltd,0
DGO,DGO,DGO Gold Ltd,0
DGR,DGR,DGR Global Ltd,0
DHG,DHG,Domain Holdings Australia Ltd,0
DHHF,DHHF,Betashares Diversified High Growth ETF,0
DHR,DHR,Dark Horse Resources Ltd,0
DIV,DIV,Ubs IQ Morningstar Australia Dividend Yield ETF,0
DJRE,DJRE,SPDR Dow Jones Global Real Estate Fund,0
DJW,DJW,Djerriwarrh Investments Ltd,0
DKM,DKM,Duketon Mining Ltd,0
DLC,DLC,Delecta Ltd,0
DME,DME,Dome Gold Mines Ltd,0
DMG,DMG,Dragon Mountain Gold Ltd,0
DMKT,DMKT,AMP Capital Dynamic Markets Fund (Hedge Fund),0
DMP,DMP,Domino's PIZZA Enterprises Ltd,0
DNA,DNA,Donaco International Ltd,0
DNK,DNK,Danakali Ltd,0
DOR,DOR,Doriemus Plc,0
DOW,DOW,Downer Edi Ltd,0
DRE,DRE,Dreadnought Resources Ltd,0
DRO,DRO,Droneshield Ltd,0
DRUG,DRUG,Betashares Global Healthcare ETF - Currency Hedged,0
DRX,DRX,Diatreme Resources Ltd,0
DSE,DSE,Dropsuite Ltd,0
DTC,DTC,Damstra Holdings Ltd,0
DTI,DTI,DTI Group Ltd,0
DTL,DTL,Data#3 Ltd,0
DTM,DTM,Dart Mining NL,0
DTR,DTR,Dateline Resources Ltd,0
DTS,DTS,Dragontail Systems Ltd,0
DTZ,DTZ,DOTZ Nano Ltd,0
DUB,DUB,Dubber Corporation Ltd,0
DUI,DUI,Diversified United Investment Ltd,0
DVL,DVL,Dorsavi Ltd,0
DVN,DVN,Devine Ltd,0
DW8,DW8,Digital Wine Ventures Ltd,0
DWS,DWS,DWS Ltd,0
DXB,DXB,Dimerix Ltd,0
DXN,DXN,DXN Ltd,0
DXS,DXS,Dexus,0
DYL,DYL,Deep Yellow Ltd,0
DZZF,DZZF,Betashares Diversified Conservative Income ETF,0
E25,E25,Element 25 Ltd,0
E2E,E2E,Eon NRG Ltd,0
E2M,E2M,E2 Metals Ltd,0
EAF,EAF,Evans & Partners Asia Fund,0
EAI,EAI,Ellerston Asian Investments Ltd,0
EAS,EAS,Easton Investments Ltd,0
EAX,EAX,Energy Action Ltd,0
EBG,EBG,Eumundi Group Ltd,0
EBND,EBND,Vaneck Emerging Inc Opportunities Active ETF (Managed Fund),0
EBO,EBO,Ebos Group Ltd,0
ECF,ECF,Elanor Commercial Property Fund,0
ECG,ECG,Ecargo Holdings Ltd,0
ECL,ECL,Excelsior Capital Ltd,0
ECP,ECP,ECP Emerging Growth Ltd,0
ECS,ECS,ECS Botanics Holdings Ltd,0
ECT,ECT,Environmental Clean Technologies Ltd,0
ECX,ECX,Eclipx Group Ltd,0
ED1,ED1,Evans Dixon Ltd,0
EDC,EDC,Eildon Capital Fund,0
EDE,EDE,Eden Innovations Ltd,0
EEG,EEG,Empire Energy Group Ltd,0
EER,EER,East Energy Resources Ltd,0
EEU,EEU,Betashares Euro ETF,0
EFE,EFE,Eastern Iron Ltd,0
EFF,EFF,Evans & Partners Australian Flagship Fund,0
EGD,EGD,Evans & Partners Global Disruption Fund,0
EGF,EGF,Evans & Partners Global Flagship Fund,0
EGG,EGG,Enero Group Ltd,0
EGH,EGH,Eureka Group Holdings Ltd,0
EGI,EGI,Ellerston Global Investments Ltd,0
EGL,EGL,Environmental Group Ltd (the),0
EGN,EGN,Engenco Ltd,0
EGO,EGO,Empire Oil & Gas NL,0
EGR,EGR,Ecograf Ltd,0
EGY,EGY,Energy Technologies Ltd,0
EHE,EHE,Estia Health Ltd,0
EHH,EHH,Eagle Health Holdings Ltd,0
EHL,EHL,Emeco Holdings Ltd,0
EHX,EHX,Ehr Resources Ltd,0
EIGA,EIGA,Einvest Income Generator Fund (Managed Fund),0
EINC,EINC,Betashares Legg Mason Equity Income Fund (Managed Fund),0
ELD,ELD,Elders Ltd,0
ELE,ELE,Elmore Ltd,0
ELO,ELO,Elmo Software Ltd,0
ELS,ELS,Elsight Ltd,0
ELT,ELT,Elementos Ltd,0
ELX,ELX,ELLEX Medical Lasers Ltd,0
EM1,EM1,Emerge Gaming Ltd,0
EM2,EM2,Eagle Mountain Mining Ltd,0
EMB,EMB,Embelton Ltd,0
EMD,EMD,Emerald Clinics Ltd,0
EME,EME,Energy Metals Ltd,0
EMH,EMH,European Metals Holdings Ltd,0
EMKT,EMKT,Vaneck Vectors MSCI Multifactor Emerging Markets Equity ETF,0
EML,EML,EML Payments Ltd,0
EMMG,EMMG,Betashares Legg Mason Emerging Markets Fund (Managed Fund),0
EMN,EMN,Euro Manganese Inc,0
EMP,EMP,Emperor Energy Ltd,0
EMR,EMR,Emerald Resources NL,0
EMT,EMT,Emetals Ltd,0
EMU,EMU,EMU NL,0
EMUCA,EMUCA,EMU NL,0
EMV,EMV,Emvision Medical Devices Ltd,0
EN1,EN1,Engage:BDR Ltd,0
ENA,ENA,Ensurance Ltd,0
ENB,ENB,Eneabba Gas Ltd,0
ENE,ENE,Enevis Ltd,0
ENN,ENN,Elanor Investors Group,0
ENR,ENR,Encounter Resources Ltd,0
ENT,ENT,Enterprise Metals Ltd,0
ENX,ENX,Enegex Ltd,0
EOF,EOF,Ecofibre Ltd,0
EOL,EOL,Energy One Ltd,0
EOR,EOR,EOR Group Ltd,0
EOS,EOS,Electro Optic Systems Holdings Ltd,0
EPD,EPD,Empired Ltd,0
EPM,EPM,Eclipse Metals Ltd,0
EQE,EQE,EQUUS Mining Ltd,0
EQT,EQT,EQT Holdings Ltd,0
EQX,EQX,Equatorial Resources Ltd,0
ERA,ERA,Energy Resources of Australia Ltd,0
ERF,ERF,Elanor Retail Property Fund,0
ERG,ERG,Eneco Refresh Ltd,0
ERL,ERL,Empire Resources Ltd,0
ERM,ERM,Emmerson Resources Ltd,0
ERX,ERX,Exore Resources Ltd,0
ESE,ESE,Esense-Lab Ltd,0
ESGI,ESGI,Vaneck Vectors MSCI International Sustainable Equity ETF,0
ESH,ESH,Esports Mogul Ltd,0
ESK,ESK,Etherstack Plc,0
ESL,ESL,Eco Systems Ltd,0
ESR,ESR,Estrella Resources Ltd,0
ESTX,ESTX,ETFs Euro STOXX 50 ETF,0
ETF,ETF,Ubs IQ Morningstar Australia Quality ETF,0
ETHI,ETHI,Betashares Global Sustainability Leaders ETF,0
ETPMAG,ETPMAG,ETFs Group,0
ETPMPD,ETPMPD,ETFs Group,0
ETPMPM,ETPMPM,ETFs Group,0
ETPMPT,ETPMPT,ETFs Group,0
EUC,EUC,European Cobalt Ltd,0
EUR,EUR,European Lithium Ltd,0
EVE,EVE,EVE Investments Ltd,0
EVN,EVN,Evolution Mining Ltd,0
EVO,EVO,Evolve Education Group Ltd,0
EVS,EVS,Envirosuite Ltd,0
EVT,EVT,Event Hospitality and Entertainment Ltd,0
EVZ,EVZ,EVZ Ltd,0
EWC,EWC,Energy World Corporation Ltd,0
EX1,EX1,Exopharm Ltd,0
EX20,EX20,Betashares Australian Ex-20 Portfolio Diversifier ETF,0
EXL,EXL,Elixinol Global Ltd,0
EXO,EXO,ENNOX Group Ltd,0
EXP,EXP,Experience Co Ltd,0
EXR,EXR,Elixir Energy Ltd,0
EZL,EZL,EUROZ Ltd,0
F100,F100,Betashares Ftse 100 ETF,0
FAIR,FAIR,Betashares Australian Sustainability Leaders ETF,0
FAM,FAM,Family Insights Group Ltd,0
FANG,FANG,ETFs Fang+ ETF,0
FAR,FAR,FAR Ltd,0
FAU,FAU,First Au Ltd,0
FBR,FBR,FBR Ltd,0
FBU,FBU,Fletcher Building Ltd,0
FCG,FCG,Frontier Capital Group Ltd,0
FCL,FCL,Fineos Corporation Holdings Plc,0
FCT,FCT,Firstwave Cloud Technology Ltd,0
FDM,FDM,Freedom Oil and Gas Ltd,0
FDV,FDV,Frontier Digital Ventures Ltd,0
FDX,FDX,Frontier Diamonds Ltd,0
FE8,FE8,Faster Enterprises Ltd,0
FEI,FEI,Fe Investments Group Ltd,0
FEL,FEL,Fe Ltd,0
FEMX,FEMX,Fidelity Global Emerging Markets Fund (Managed Fund),0
FEX,FEX,FENIX Resources Ltd,0
FFC,FFC,Farmaforce Ltd,0
FFG,FFG,Fatfish Blockchain Ltd,0
FFI,FFI,FFI Holdings Ltd,0
FFL,FFL,Founders First Ltd,0
FFR,FFR,Firefly Resources Ltd,0
FGG,FGG,Future Generation Global Investment Company Ltd,0
FGO,FGO,Flamingo Ai Ltd,0
FGR,FGR,First Graphene Ltd,0
FGX,FGX,Future Generation Investment Company Ltd,0
FHS,FHS,Freehill Mining Ltd,0
FID,FID,Fiducian Group Ltd,0
FIG,FIG,Freedom Insurance Group Ltd,0
FIJ,FIJ,Fiji Kava Ltd,0
FIN,FIN,FIN Resources Ltd,0
FLC,FLC,Fluence Corporation Ltd,0
FLN,FLN,Freelancer Ltd,0
FLOT,FLOT,Vaneck Vectors Australian Floating Rate ETF,0
FLT,FLT,Flight Centre Travel Group Ltd,0
FMG,FMG,Fortescue Metals Group Ltd,0
FML,FML,Focus Minerals Ltd,0
FMS,FMS,Flinders Mines Ltd,0
FNP,FNP,Freedom Foods Group Ltd,0
FNT,FNT,Frontier Resources Ltd,0
FOD,FOD,The Food Revolution Group Ltd,0
FOOD,FOOD,Betashares Global Agriculture ETF - Currency Hedged,0
FOR,FOR,Forager Australian Shares Fund,0
FPC,FPC,Fat Prophets Global Contrarian Fund Ltd,0
FPH,FPH,Fisher & Paykel Healthcare Corporation Ltd,0
FPL,FPL,Fremont Petroleum Corporation Ltd,0
FPP,FPP,Fat Prophets Global Property Fund,0
FRI,FRI,Finbar Group Ltd,0
FRM,FRM,Farm Pride Foods Ltd,0
FRN,FRN,Fraser Range Metals Group Ltd,0
FRX,FRX,Flexiroam Ltd,0
FSA,FSA,FSA Group Ltd,0
FSF,FSF,Fonterra Shareholders' Fund,0
FSG,FSG,Field Solutions Holdings Ltd,0
FSI,FSI,Flagship Investments Ltd,0
FTC,FTC,Fintech Chain Ltd,0
FTT,FTT,Factor Therapeutics Ltd,0
FTZ,FTZ,Fertoz Ltd,0
FUEL,FUEL,Betashares Global Energy Companies ETF - Currency Hedged,0
FUN,FUN,Funtastic Ltd,0
FWD,FWD,Fleetwood Corporation Ltd,0
FXL,FXL,Flexigroup Ltd,0
FYI,FYI,FYI Resources Ltd,0
FZO,FZO,Family ZONE Cyber Safety Ltd,0
FZR,FZR,Fitzroy River Corporation Ltd,0
G1A,G1A,Galena Mining Ltd,0
G88,G88,Golden Mile Resources Ltd,0
GAL,GAL,Galileo Mining Ltd,0
GAP,GAP,Gale Pacific Ltd,0
GAS,GAS,State GAS Ltd,0
GBE,GBE,Globe Metals & Mining Ltd,0
GBM,GBM,GBM Gold Ltd,0
GBND,GBND,Betashares Sustainability Leaders DVRSFD Bond ETF - Cur HDG,0
GBP,GBP,Global Petroleum Ltd,0
GBR,GBR,Great Boulder Resources Ltd,0
GBZ,GBZ,GBM Resources Ltd,0
GC1,GC1,Glennon Small Companies Ltd,0
GCI,GCI,Gryphon Capital Income Trust,0
GCR,GCR,Golden Cross Resources Ltd,0
GCY,GCY,Gascoyne Resources Ltd,0
GDF,GDF,Garda Property Group,0
GDG,GDG,Generation Development Group Ltd,0
GDI,GDI,GDI Property Group,0
GDX,GDX,Vaneck Vectors Gold Miners ETF,0
GEAR,GEAR,Betashares Geared Australian Equity Fund (Hedge Fund),0
GED,GED,Golden Deeps Ltd,0
GEM,GEM,G8 Education Ltd,0
GES,GES,Genesis Resources Ltd,0
GEV,GEV,Global Energy Ventures Ltd,0
GFI,GFI,Global Fortune Investment Ltd,0
GFL,GFL,Global Masters Fund Ltd,0
GGE,GGE,Grand Gulf Energy Ltd,0
GGG,GGG,Greenland Minerals Ltd,0
GGUS,GGUS,Betashares Geared US EQ FND Currency Hdged HDG FND,0
GGX,GGX,GAS2GRID Ltd,0
GIB,GIB,Gibb River Diamonds Ltd,0
GID,GID,"Gi Dynamics, Inc",0
GLA,GLA,Gladiator Resources Ltd,0
GLB,GLB,Globe International Ltd,0
GLE,GLE,GLG Corp Ltd,0
GLH,GLH,Global Health Ltd,0
GLIN,GLIN,AMP Cap Global Infrastructure Sec Fund,0
GLL,GLL,Galilee Energy Ltd,0
GLN,GLN,Galan Lithium Ltd,0
GLV,GLV,Global Oil & Gas Ltd,0
GMA,GMA,Genworth Mortgage Insurance Australia Ltd,0
GMC,GMC,Gulf Manganese Corporation Ltd,0
GMD,GMD,Genesis Minerals Ltd,0
GME,GME,GME Resources Ltd,0
GMG,GMG,Goodman Group,0
GML,GML,Gateway Mining Ltd,0
GMN,GMN,Gold Mountain Ltd,0
GMR,GMR,Golden Rim Resources Ltd,0
GMV,GMV,G Medical Innovations Holdings Ltd,0
GNC,GNC,Graincorp Ltd,0
GNE,GNE,Genesis Energy Ltd,0
GNG,GNG,GR Engineering Services Ltd,0
GNM,GNM,Great Northern Minerals Ltd,0
GNX,GNX,GENEX Power Ltd,0
GO2,GO2,The GO2 People Ltd,0
GOLD,GOLD,ETFs Metal Securities Australia Ltd,0
GOO,GOO,Gooroo Ventures Ltd,0
GOR,GOR,Gold Road Resources Ltd,0
GOVT,GOVT,SPDR S&P/ASX Australian Government Bond Fund,0
GOW,GOW,Gowing Bros Ltd,0
GOZ,GOZ,Growthpoint Properties Australia,0
GPR,GPR,Geopacific Resources Ltd,0
GPS,GPS,GPS Alliance Holdings Ltd,0
GPT,GPT,GPT Group,0
GPX,GPX,Graphex Mining Ltd,0
GRB,GRB,Gage Roads Brewing Co Ltd,0
GRL,GRL,Godolphin Resources Ltd,0
GRNV,GRNV,Vaneck Vectors MSCI Australian Sustainable Equity ETF,0
GROW,GROW,Schroder Real Return Fund (Managed Fund),0
GRR,GRR,Grange Resources Ltd,0
GRV,GRV,Greenvale Energy Ltd,0
GSM,GSM,Golden State Mining Ltd,0
GSN,GSN,Great Southern Mining Ltd,0
GSS,GSS,Genetic Signatures Ltd,0
GSW,GSW,Getswift Ltd,0
GTE,GTE,Great Western Exploration Ltd,0
GTG,GTG,Genetic Technologies Ltd,0
GTK,GTK,Gentrack Group Ltd,0
GTN,GTN,GTN Ltd,0
GTR,GTR,Gti Resources Ltd,0
GUD,GUD,G.U.D. Holdings Ltd,0
GUL,GUL,Gullewa Ltd,0
GVF,GVF,Global Value Fund Ltd,0
GWA,GWA,GWA Group Ltd,0
GWR,GWR,GWR Group Ltd,0
GXY,GXY,Galaxy Resources Ltd,0
HACK,HACK,Betashares Global Cybersecurity ETF,0
HAS,HAS,Hastings Technology Metals Ltd,0
HAV,HAV,Havilah Resources Ltd,0
HAW,HAW,Hawthorn Resources Ltd,0
HBRD,HBRD,Betashares Active Australian Hybrids Fund (Managed Fund),0
HCD,HCD,Hydrocarbon Dynamics Ltd,0
HCH,HCH,Hot Chili Ltd,0
HCT,HCT,Holista Colltech Ltd,0
HE8,HE8,Helios Energy Ltd,0
HEUR,HEUR,Betashares Europe ETF-Currency Hedged,0
HFR,HFR,Highfield Resources Ltd,0
HGH,HGH,Heartland Group Holdings Ltd,0
HGL,HGL,Hudson Investment Group Ltd,0
HGM,HGM,High Grade Metals Ltd,0
HGO,HGO,Hillgrove Resources Ltd,0
HHM,HHM,Hampton Hill Mining NL,0
HHY,HHY,HHY Fund,0
HIL,HIL,Hills Ltd,0
HIP,HIP,Hipo Resources Ltd,0
HIT,HIT,Hitech Group Australia Ltd,0
HJPN,HJPN,Betashares Japan ETF-Currency Hedged,0
HLA,HLA,Healthia Ltd,0
HLO,HLO,Helloworld Travel Ltd,0
HLS,HLS,Healius Ltd,0
HLX,HLX,HELIX Resources Ltd,0
HM1,HM1,Hearts and Minds Investments Ltd,0
HMC,HMC,Home Consortium,0
HMD,HMD,Heramed Ltd,0
HMO,HMO,Hearmeout Ltd,0
HMX,HMX,Hammer Metals Ltd,0
HNG,HNG,HGL Ltd,0
HNR,HNR,Hannans Ltd,0
HOG,HOG,Hawkley Oil and Gas Ltd,0
HOR,HOR,Horseshoe Metals Ltd,0
HOT,HOT,Hotcopper Holdings Ltd,0
HPI,HPI,Hotel Property Investments,0
HPR,HPR,High Peak Royalties Ltd,0
HRL,HRL,HRL Holdings Ltd,0
HRN,HRN,Horizon Gold Ltd,0
HRR,HRR,Heron Resources Ltd,0
HRZ,HRZ,Horizon Minerals Ltd,0
HSC,HSC,Homestay Care Ltd,0
HSN,HSN,Hansen Technologies Ltd,0
HT1,HT1,HT&E Ltd,0
HT8,HT8,Harris Technology Group Ltd,0
HTA,HTA,Hutchison Telecommunications (Australia) Ltd,0
HTG,HTG,Harvest Technology Group Ltd,0
HUB,HUB,HUB24 Ltd,0
HUO,HUO,Huon Aquaculture Group Ltd,0
HVM,HVM,Happy Valley Nutrition Ltd,0
HVN,HVN,Harvey Norman Holdings Ltd,0
HVST,HVST,Betashares Australian Dividend Harvester Fund (Managed Fund),0
HWH,HWH,Houston We Have Ltd,0
HWK,HWK,Hawkstone Mining Ltd,0
HXG,HXG,Hexagon Energy Materials Ltd,0
HYD,HYD,HYDRIX Ltd,0
HYM,HYM,Hyperion Metals Ltd,0
HZN,HZN,Horizon Oil Ltd,0
HZR,HZR,HAZER Group Ltd,0
IAA,IAA,Ishares Asia 50 ETF,0
IAF,IAF,Ishares Core Composite Bond ETF,0
IAG,IAG,Insurance Australia Group Ltd,0
IAM,IAM,Intiger Group Ltd,0
IAP,IAP,Investec Australia Property Fund,0
IBC,IBC,Ironbark Capital Ltd,0
IBG,IBG,Ironbark ZINC Ltd,0
IBX,IBX,Imagion Biosystems Ltd,0
ICE,ICE,Icetana Ltd,0
ICG,ICG,Inca Minerals Ltd,0
ICI,ICI,Icandy Interactive Ltd,0
ICN,ICN,Icon Energy Ltd,0
ICQ,ICQ,Icar Asia Ltd,0
ICS,ICS,Icsglobal Ltd,0
ICT,ICT,Icollege Ltd,0
ICU,ICU,Isentric Ltd,0
ID8,ID8,Identitii Ltd,0
IDA,IDA,Indiana Resources Ltd,0
IDT,IDT,IDT Australia Ltd,0
IDX,IDX,Integral Diagnostics Ltd,0
IDZ,IDZ,Indoor Skydive Australia Group Ltd,0
IEC,IEC,Intra Energy Corporation Ltd,0
IEL,IEL,Idp Education Ltd,0
IEM,IEM,Ishares MSCI Emerging Markets ETF,0
IEQ,IEQ,International Equities Corporation Ltd,0
IEU,IEU,Ishares Europe ETF,0
IFL,IFL,IOOF Holdings Ltd,0
IFM,IFM,Infomedia Ltd,0
IFN,IFN,Infigen Energy,0
IFRA,IFRA,Vaneck Vectors Ftse Global Infrastructure (Hedged) ETF,0
IFT,IFT,Infratil Ltd,0
IGB,IGB,Ishares Treasury ETF,0
IGE,IGE,Integrated Green Energy Solutions Ltd,0
IGL,IGL,Ive Group Ltd,0
IGN,IGN,Ignite Ltd,0
IGO,IGO,IGO Ltd,0
IHCB,IHCB,Ishares Core Global Corporate Bond(Aud Hedged) ETF,0
IHD,IHD,Ishares S&P/ASX Dividend Opportunities ETF,0
IHEB,IHEB,Ishares JP Morgan Usd Emerging MKT BND Aud HDG ETF,0
IHHY,IHHY,Ishares Global High Yield Bond (Aud Hedged) ETF,0
IHL,IHL,Impression Healthcare Ltd,0
IHOO,IHOO,Ishares Global 100 Aud Hedged ETF,0
IHR,IHR,Intellihr Ltd,0
IHVV,IHVV,Ishares S&P 500 Aud Hedged ETF,0
IHWL,IHWL,Ishares Core MSCI World All Cap (Aud Hedged) ETF,0
IIND,IIND,Betashares India Quality ETF,0
IJH,IJH,Ishares S&P Mid-Cap ETF,0
IJP,IJP,Ishares MSCI Japan ETF,0
IJR,IJR,Ishares S&P Small-Cap ETF,0
IKE,IKE,Ikegps Group Ltd,0
IKO,IKO,Ishares MSCI South Korea ETF,0
IKW,IKW,Ikwezi Mining Ltd,0
ILB,ILB,Ishares Government Inflation ETF,0
ILC,ILC,Ishares S&P/ASX 20 ETF,0
ILU,ILU,Iluka Resources Ltd,0
IMA,IMA,Image Resources NL,0
IMC,IMC,Immuron Ltd,0
IMD,IMD,IMDEX Ltd,0
IME,IME,Imexhs Ltd,0
IMM,IMM,Immutep Ltd,0
IMPQ,IMPQ,Einvest Future Impact Small Caps Fund (Managed Fund),0
IMR,IMR,"Imricor Medical Systems, Inc",0
IMS,IMS,Impelus Ltd,0
IMU,IMU,Imugene Ltd,0
INA,INA,Ingenia Communities Group,0
INCM,INCM,Betashares Global Income Leaders ETF,0
INES,INES,Intelligent Investor Ethical Share Fund (Managed Fund),0
INF,INF,Infinity Lithium Corporation Ltd,0
ING,ING,Inghams Group Ltd,0
INIF,INIF,Intelligent Investor Aus Equity Income Fund (Managed Fund),0
INP,INP,Incentiapay Ltd,0
INR,INR,Ioneer Ltd,0
INV,INV,Investsmart Group Ltd,0
IOD,IOD,Iodm Ltd,0
IOO,IOO,Ishares Global 100 ETF,0
IOZ,IOZ,Ishares Core S&P/ASX 200 ETF,0
IP1,IP1,Integrated Payment Technologies Ltd,0
IPB,IPB,IPB Petroleum Ltd,0
IPC,IPC,Imperial Pacific Ltd,0
IPD,IPD,Impedimed Ltd,0
IPH,IPH,IPH Ltd,0
IPL,IPL,Incitec Pivot Ltd,0
IPT,IPT,Impact Minerals Ltd,0
IQ3,IQ3,IQ3CORP Ltd,0
IRD,IRD,Iron Road Ltd,0
IRE,IRE,Iress Ltd,0
IRI,IRI,Integrated Research Ltd,0
IS3,IS3,I Synergy Group Ltd,0
ISD,ISD,Isentia Group Ltd,0
ISEC,ISEC,Ishares Enhanced Cash ETF,0
ISO,ISO,Ishares S&P/ASX Small Ordinaries ETF,0
ISU,ISU,Iselect Ltd,0
ISX,ISX,Isignthis Ltd,0
ITG,ITG,Intega Group Ltd,0
IVC,IVC,Invocare Ltd,0
IVE,IVE,Ishares MSCI Eafe ETF,0
IVO,IVO,Invigor Group Ltd,0
IVQ,IVQ,Invitrocue Ltd,0
IVR,IVR,Investigator Resources Ltd,0
IVT,IVT,Inventis Ltd,0
IVV,IVV,Ishares S&P 500 ETF,0
IVX,IVX,Invion Ltd,0
IVZ,IVZ,Invictus Energy Ltd,0
IWLD,IWLD,Ishares Core MSCI World All Cap ETF,0
IXC,IXC,INVEX Therapeutics Ltd,0
IXI,IXI,Ishares Global Consumer Staples ETF,0
IXJ,IXJ,Ishares Global Healthcare ETF,0
IXR,IXR,Ionic Rare EARTHS Ltd,0
IXU,IXU,Ixup Ltd,0
IZZ,IZZ,Ishares China Large-Cap ETF,0
JAL,JAL,Jameson Resources Ltd,0
JAN,JAN,Janison Education Group Ltd,0
JAT,JAT,Jatenergy Ltd,0
JAY,JAY,Jayride Group Ltd,0
JBH,JBH,JB Hi-Fi Ltd,0
JCI,JCI,Jiancheng International Group Ltd,0
JCS,JCS,Jcurve Solutions Ltd,0
JDR,JDR,Jadar Resources Ltd,0
JHC,JHC,Japara Healthcare Ltd,0
JHG,JHG,Janus Henderson Group Plc,0
JHL,JHL,JAYEX Healthcare Ltd,0
JHX,JHX,James Hardie Industries Plc,0
JIN,JIN,Jumbo Interactive Ltd,0
JIP,JIP,Jack-in Group Ltd,0
JJF,JJF,Jiajiafu Modern Agriculture Ltd,0
JKA,JKA,Jacka Resources Ltd,0
JLG,JLG,Johns LYNG Group Ltd,0
JMS,JMS,Jupiter Mines Ltd,0
JPR,JPR,Jupiter Energy Ltd,0
JRL,JRL,Jindalee Resources Ltd,0
JRV,JRV,Jervois Mining Ltd,0
JXT,JXT,Jaxsta Ltd,0
JYC,JYC,Joyce Corporation Ltd,0
K2F,K2F,K2FLY Ltd,0
KAI,KAI,Kairos Minerals Ltd,0
KAM,KAM,K2 Asset Management Holdings Ltd,0
KAR,KAR,Karoon Energy Ltd,0
KAS,KAS,Kasbah Resources Ltd,0
KAT,KAT,Katana Capital Ltd,0
KAU,KAU,Kaiser Reef Ltd,0
KBC,KBC,Keybridge Capital Ltd,0
KCN,KCN,Kingsgate Consolidated Ltd,0
KEY,KEY,KEY Petroleum Ltd,0
KFE,KFE,Kogi Iron Ltd,0
KGD,KGD,Kula Gold Ltd,0
KGL,KGL,KGL Resources Ltd,0
KGM,KGM,Kalnorth Gold Mines Ltd,0
KGN,KGN,Kogan.com Ltd,0
KIN,KIN,KIN Mining NL,0
KIS,KIS,King Island Scheelite Ltd,0
KKC,KKC,KKR Credit Income Fund,0
KKL,KKL,Kollakorn Corporation Ltd,0
KKO,KKO,Kinetiko Energy Ltd,0
KLA,KLA,Kirkland Lake Gold Ltd,0
KLL,KLL,Kalium Lakes Ltd,0
KLO,KLO,Kingsland Global Ltd,0
KLR,KLR,Kaili Resources Ltd,0
KMD,KMD,Kathmandu Holdings Ltd,0
KME,KME,Kip Mcgrath Education Centres Ltd,0
KMT,KMT,Kopore Metals Ltd,0
KNH,KNH,Koon Holdings Ltd,0
KNI,KNI,Kuniko Ltd,0
KNM,KNM,Kneomedia Ltd,0
KNO,KNO,Knosys Ltd,0
KOR,KOR,Korab Resources Ltd,0
KOV,KOV,Korvest Ltd,0
KP2,KP2,Kore Potash Plc,0
KPC,KPC,Kazakhstan Potash Corporation Ltd,0
KPE,KPE,Kina Petroleum Corporation,0
KPG,KPG,Kelly Partners Group Holdings Ltd,0
KPO,KPO,Kalina Power Ltd,0
KPT,KPT,Kangaroo Island Plantation Timbers Ltd,0
KRM,KRM,Kingsrose Mining Ltd,0
KRR,KRR,King River Resources Ltd,0
KRS,KRS,Kresta Holdings Ltd,0
KSC,KSC,K & S Corporation Ltd,0
KSL,KSL,Kina Securities Ltd,0
KSM,KSM,K2 Australian Small Cap Fund (Hedge Fund),0
KSN,KSN,Kingston Resources Ltd,0
KSS,KSS,Kleos Space S.A,0
KTA,KTA,Krakatoa Resources Ltd,0
KTD,KTD,Keytone Dairy Corporation Ltd,0
KTE,KTE,K2 Energy Ltd,0
KTG,KTG,K-Tig Ltd,0
KWR,KWR,Kingwest Resources Ltd,0
KYK,KYK,KYCKR Ltd,0
KZA,KZA,KAZIA Therapeutics Ltd,0
KZR,KZR,Kalamazoo Resources Ltd,0
LAA,LAA,Latam Autos Ltd,0
LAM,LAM,Laramide Resources Ltd,0
LAU,LAU,Lindsay Australia Ltd,0
LAW,LAW,Lawfinance Ltd,0
LBL,LBL,Laserbond Ltd,0
LBT,LBT,LBT Innovations Ltd,0
LCD,LCD,Latitude Consolidated Ltd,0
LCE,LCE,London City Equities Ltd,0
LCK,LCK,Leigh Creek Energy Ltd,0
LCL,LCL,Los Cerros Ltd,0
LCM,LCM,Logicamms Ltd,0
LCT,LCT,Living Cell Technologies Ltd,0
LCY,LCY,Legacy Iron Ore Ltd,0
LEG,LEG,Legend Mining Ltd,0
LEL,LEL,Lithium Energy Ltd,0
LEP,LEP,Ale Property Group,0
LER,LER,Leaf Resources Ltd,0
LEX,LEX,Lefroy Exploration Ltd,0
LGP,LGP,Little Green Pharma Ltd,0
LGR,LGR,Lanka Graphite Ltd,0
LHB,LHB,Lionhub Group Ltd,0
LHM,LHM,Land & Homes Group Ltd,0
LI3,LI3,Lithium Consolidated Ltd,0
LIC,LIC,Lifestyle Communities Ltd,0
LIN,LIN,Lindian Resources Ltd,0
LIO,LIO,Lion Energy Ltd,0
LIT,LIT,Lithium Australia NL,0
LKE,LKE,Lake Resources N.L.,0
LKO,LKO,Lakes Oil NL,0
LLC,LLC,Lendlease Group,0
LLO,LLO,Lion One Metals Ltd,0
LME,LME,"Limeade, Inc",0
LMG,LMG,Latrobe Magnesium Ltd,0
LML,LML,Lincoln Minerals Ltd,0
LNG,LNG,Liquefied Natural Gas Ltd,0
LNK,LNK,Link Administration Holdings Ltd,0
LNU,LNU,Linius Technologies Ltd,0
LNY,LNY,Laneway Resources Ltd,0
LOM,LOM,Lucapa Diamond Company Ltd,0
LON,LON,Longtable Group Ltd,0
LOT,LOT,Lotus Resources Ltd,0
LOV,LOV,Lovisa Holdings Ltd,0
LPD,LPD,Lepidico Ltd,0
LPDRC,LPDRC,Lepidico Ltd,0
LPE,LPE,Locality Planning Energy Holdings Ltd,0
LPI,LPI,Lithium Power International Ltd,0
LRM,LRM,Lustrum Minerals Ltd,0
LRS,LRS,Latin Resources Ltd,0
LRT,LRT,Lowell Resources Fund,0
LSA,LSA,Lachlan Star Ltd,0
LSF,LSF,L1 Long Short Fund Ltd,0
LSH,LSH,Lifespot Health Ltd,0
LSR,LSR,Lodestar Minerals Ltd,0
LSX,LSX,Lion Selection Group Ltd,0
LTR,LTR,Liontown Resources Ltd,0
LVE,LVE,Love Group Global Ltd,0
LVH,LVH,Livehire Ltd,0
LVT,LVT,Livetiles Ltd,0
LYC,LYC,Lynas Corporation Ltd,0
LYL,LYL,Lycopodium Ltd,0
M7T,M7T,MACH7 Technologies Ltd,0
M8S,M8S,M8 Sustainable Ltd,0
MA1,MA1,Monash Absolute Investment Company Ltd,0
MAD,MAD,Mader Group Ltd,0
MAG,MAG,Magmatic Resources Ltd,0
MAH,MAH,Macmahon Holdings Ltd,0
MAI,MAI,Mainstream Group Holdings Ltd,0
MAM,MAM,Microequities Asset Management Group Ltd,0
MAN,MAN,Mandrake Resources Ltd,0
MAQ,MAQ,Macquarie Telecom Group Ltd,0
MAT,MAT,Matsa Resources Ltd,0
MAU,MAU,Magnetic Resources NL,0
MAUCA,MAUCA,Magnetic Resources NL,0
MAX,MAX,Millinium's Alternatives Fund,0
MAY,MAY,Melbana Energy Ltd,0
MBK,MBK,Metal Bank Ltd,0
MBM,MBM,Mobecom Ltd,0
MCA,MCA,Murray Cod Australia Ltd,0
MCB,MCB,MCB Resources Ltd,0
MCE,MCE,Matrix Composites & Engineering Ltd,0
MCM,MCM,MC Mining Ltd,0
MCP,MCP,Mcpherson's Ltd,0
MCR,MCR,Mincor Resources NL,0
MCT,MCT,Metalicity Ltd,0
MCX,MCX,Mariner Corporation Ltd,0
MCY,MCY,Mercury NZ Ltd,0
MDC,MDC,Medlab Clinical Ltd,0
MDI,MDI,Middle Island Resources Ltd,0
MDR,MDR,Medadvisor Ltd,0
MDX,MDX,Mindax Ltd,0
MEA,MEA,Mcgrath Ltd,0
MEB,MEB,Medibio Ltd,0
MEC,MEC,Morphic Ethical Equities Fund Ltd,0
MEI,MEI,Meteoric Resources NL,0
MEL,MEL,Metgasco Ltd,0
MEM,MEM,Memphasys Ltd,0
MEP,MEP,Minotaur Exploration Ltd,0
MEQ,MEQ,Metlifecare Limited Foreign Exempt NZX,0
MEU,MEU,Marmota Ltd,0
MEY,MEY,Marenica Energy Ltd,0
MEZ,MEZ,Meridian Energy Ltd,0
MFD,MFD,Mayfield Childcare Ltd,0
MFF,MFF,MFF Capital Investments Ltd,0
MFG,MFG,Magellan Financial Group Ltd,0
MGC,MGC,MG Unit Trust,0
MGE,MGE,Magellan Global Equities Fund (Managed Fund),0
MGG,MGG,Magellan Global Trust,0
MGL,MGL,Magontec Ltd,0
MGR,MGR,Mirvac Group,0
MGT,MGT,Magnetite Mines Ltd,0
MGU,MGU,Magnum Mining and Exploration Ltd,0
MGV,MGV,Musgrave Minerals Ltd,0
MGX,MGX,Mount Gibson Iron Ltd,0
MGZ,MGZ,Medigard Ltd,0
MHC,MHC,Manhattan Corporation Ltd,0
MHD,MHD,Millennium Ltd,0
MHG,MHG,Magellan Global Equities Fund(Currency Hedged)(MF),0
MHH,MHH,Magellan High Conviction Trust,0
MHI,MHI,Merchant House International Ltd,0
MHJ,MHJ,Michael Hill International Ltd,0
MICH,MICH,Magellan Infrastructure Fund (Currency Hedged)(Managed Fund),0
MIH,MIH,MNC Media Investment Ltd,0
MIL,MIL,Millennium Services Group Ltd,0
MIN,MIN,Mineral Resources Ltd,0
MIO,MIO,Macarthur Minerals Ltd,0
MIR,MIR,Mirrabooka Investments Ltd,0
MJC,MJC,Mejority Capital Ltd,0
MKG,MKG,Mako Gold Ltd,0
MLD,MLD,Maca Ltd,0
MLL,MLL,Mali Lithium Ltd,0
MLM,MLM,Metallica Minerals Ltd,0
MLS,MLS,Metals Australia Ltd,0
MLT,MLT,Milton Corporation Ltd,0
MLX,MLX,Metals X Ltd,0
MME,MME,Moneyme Ltd,0
MMI,MMI,Metro Mining Ltd,0
MMJ,MMJ,MMJ Group Holdings Ltd,0
MML,MML,Medusa Mining Ltd,0
MMM,MMM,Marley Spoon AG,0
MMR,MMR,Mec Resources Ltd,0
MMS,MMS,Mcmillan Shakespeare Ltd,0
MNB,MNB,Minbos Resources Ltd,0
MND,MND,Monadelphous Group Ltd,0
MNF,MNF,MNF Group Ltd,0
MNRS,MNRS,Betashares Global Gold Miners ETF - Currency Hedged,0
MNS,MNS,Magnis Energy Technologies Ltd,0
MNW,MNW,Mint Payments Ltd,0
MNY,MNY,MONEY3 Corporation Ltd,0
MOAT,MOAT,Vaneck Vectors Morningstar Wide Moat ETF,0
MOB,MOB,Mobilicom Ltd,0
MOC,MOC,Mortgage Choice Ltd,0
MOE,MOE,Moelis Australia Ltd,0
MOGL,MOGL,Montgomery Global Equities Fund (Managed Fund),0
MOH,MOH,Moho Resources Ltd,0
MONY,MONY,Ubs IQ Cash ETF,0
MOQ,MOQ,MOQ Ltd,0
MOT,MOT,MCP Income Opportunities Trust,0
MOY,MOY,Millennium Minerals Ltd,0
MOZ,MOZ,Mosaic Brands Ltd,0
MP1,MP1,Megaport Ltd,0
MPH,MPH,Mediland Pharm Ltd,0
MPL,MPL,Medibank Private Ltd,0
MPO,MPO,Molopo Energy Ltd,0
MPP,MPP,Metro Performance Glass Ltd,0
MPR,MPR,Mpower Group Ltd,0
MPW,MPW,MSL Solutions Ltd,0
MPX,MPX,Mustera Property Group Ltd,0
MQG,MQG,Macquarie Group Ltd,0
MQR,MQR,Marquee Resources Ltd,0
MRC,MRC,Mineral Commodities Ltd,0
MRD,MRD,Mount Ridley Mines Ltd,0
MRG,MRG,Murray River Organics Group Ltd,0
MRL,MRL,Mayur Resources Ltd,0
MRM,MRM,Mma Offshore Ltd,0
MRQ,MRQ,MRG Metals Ltd,0
MRR,MRR,Minrex Resources Ltd,0
MRV,MRV,Moreton Resources Ltd,0
MRZ,MRZ,Mont Royal Resources Ltd,0
MSB,MSB,Mesoblast Ltd,0
MSE,MSE,Metalsearch Ltd,0
MSG,MSG,MCS Services Ltd,0
MSI,MSI,Multistack International Ltd,0
MSM,MSM,MSM Corporation International Ltd,0
MSR,MSR,Manas Resources Ltd,0
MSTR,MSTR,Morningstar International Shares Active ETF (Managed Fund),0
MSV,MSV,Mitchell Services Ltd,0
MTB,MTB,Mount Burgess Mining NL,0
MTC,MTC,Metalstech Ltd,0
MTH,MTH,Mithril Resources Ltd,0
MTL,MTL,Manalto Ltd,0
MTO,MTO,Motorcycle Holdings Ltd,0
MTS,MTS,Metcash Ltd,0
MVA,MVA,Vaneck Vectors Australian Property ETF,0
MVB,MVB,Vaneck Vectors Australian Banks ETF,0
MVE,MVE,Vaneck Vectors S&P/ASX Midcap ETF,0
MVF,MVF,Monash Ivf Group Ltd,0
MVOL,MVOL,Ishares Edge MSCI Australia Minimum Volatility ETF,0
MVP,MVP,Medical Developments International Ltd,0
MVR,MVR,Vaneck Vectors Australian Resources ETF,0
MVS,MVS,Vaneck Vectors Small Companies Masters ETF,0
MVW,MVW,Vaneck Vectors Australian EQUAL Weight ETF,0
MWR,MWR,MGM Wireless Ltd,0
MWY,MWY,Midway Ltd,0
MX1,MX1,Micro-X Ltd,0
MXC,MXC,MGC Pharmaceuticals Ltd,0
MXI,MXI,Maxitrans Industries Ltd,0
MXR,MXR,Maximus Resources Ltd,0
MXT,MXT,MCP Master Income Trust,0
MYE,MYE,Mastermyne Group Ltd,0
MYL,MYL,Myanmar Metals Ltd,0
MYQ,MYQ,Myfiziq Ltd,0
MYR,MYR,Myer Holdings Ltd,0
MYS,MYS,Mystate Ltd,0
MYX,MYX,Mayne Pharma Group Ltd,0
MZI,MZI,MZI Resources Ltd,0
MZZ,MZZ,Matador Mining Ltd,0
N1H,N1H,N1 Holdings Ltd,0
NAB,NAB,National Australia Bank Ltd,0
NAC,NAC,Naos Ex-50 Opportunities Company Ltd,0
NAE,NAE,New Age Exploration Ltd,0
NAG,NAG,Nagambie Resources Ltd,0
NAM,NAM,Namoi Cotton Ltd,0
NAN,NAN,Nanosonics Ltd,0
NBI,NBI,NB Global Corporate Income Trust,0
NC6,NC6,Nanollose Ltd,0
NCC,NCC,Naos Emerging Opportunities Company Ltd,0
NCK,NCK,Nick Scali Ltd,0
NCL,NCL,Netccentric Ltd,0
NCM,NCM,Newcrest Mining Ltd,0
NCR,NCR,Nucoal Resources Ltd,0
NCZ,NCZ,New Century Resources Ltd,0
NDIA,NDIA,ETFs Reliance India Nifty 50 ETF,0
NDQ,NDQ,Betashares Nasdaq 100 ETF,0
NEA,NEA,Nearmap Ltd,0
NEC,NEC,Nine Entertainment Co. Holdings Ltd,0
NES,NES,Nelson Resources Ltd,0
NET,NET,Netlinkz Ltd,0
NEU,NEU,Neuren Pharmaceuticals Ltd,0
NEW,NEW,NEW Energy Solar,0
NGE,NGE,NGE Capital Ltd,0
NGI,NGI,Navigator Global Investments Ltd,0
NGY,NGY,Nuenergy Gas Ltd,0
NHC,NHC,New Hope Corporation Ltd,0
NHF,NHF,Nib Holdings Ltd,0
NIC,NIC,Nickel Mines Ltd,0
NIU,NIU,Niuminco Group Ltd,0
NME,NME,NEX Metals Exploration Ltd,0
NML,NML,Navarre Minerals Ltd,0
NMT,NMT,Neometals Ltd,0
NNT,NNT,99 Technology Ltd,0
NOR,NOR,Norwood Systems Ltd,0
NOV,NOV,Novatti Group Ltd,0
NOX,NOX,Noxopharm Ltd,0
NSB,NSB,Neuroscientific Biopharmaceuticals Ltd,0
NSC,NSC,Naos Small Cap Opportunities Company Ltd,0
NSE,NSE,New Standard Energy Ltd,0
NSR,NSR,National Storage REIT,0
NST,NST,Northern Star Resources Ltd,0
NSX,NSX,NSX Ltd,0
NTD,NTD,National Tyre & Wheel Ltd,0
NTI,NTI,Neurotech International Ltd,0
NTL,NTL,New Talisman Gold Mines Ltd,0
NTM,NTM,NTM Gold Ltd,0
NTO,NTO,Nitro Software Ltd,0
NTU,NTU,Northern Minerals Ltd,0
NUC,NUC,Nuchev Ltd,0
NUF,NUF,Nufarm Ltd,0
NUH,NUH,Nuheara Ltd,0
NUS,NUS,Nusantara Resources Ltd,0
NVA,NVA,Nova Minerals Ltd,0
NVO,NVO,Nvoi Ltd,0
NVU,NVU,Nanoveu Ltd,0
NVX,NVX,Novonix Ltd,0
NWC,NWC,New World Resources Ltd,0
NWE,NWE,Norwest Energy NL,0
NWF,NWF,Newfield Resources Ltd,0
NWH,NWH,NRW Holdings Ltd,0
NWL,NWL,Netwealth Group Ltd,0
NWM,NWM,Norwest Minerals Ltd,0
NWS,NWS,News Corporation,0
NWSLV,NWSLV,News Corporation,0
NXE,NXE,New Energy Minerals Ltd,0
NXM,NXM,Nexus Minerals Ltd,0
NXS,NXS,Next Science Ltd,0
NXT,NXT,NEXTDC Ltd,0
NYR,NYR,Nyrada Inc,0
NZK,NZK,New Zealand King Salmon Investments Ltd,0
NZM,NZM,NZME Ltd,0
NZS,NZS,New Zealand Coastal Seafoods Ltd,0
OAR,OAR,Oakdale Resources Ltd,0
OAU,OAU,Ora Gold Ltd,0
OBJ,OBJ,OBJ Limited,0
OBL,OBL,Omni Bridgeway Ltd,0
OBM,OBM,Ora Banda Mining Ltd,0
OCA,OCA,Oceania Healthcare Ltd,0
OCC,OCC,Orthocell Ltd,0
OCL,OCL,Objective Corporation Ltd,0
ODA,ODA,Orcoda Ltd,0
ODM,ODM,Odin Metals Ltd,0
ODY,ODY,Odyssey Energy Ltd,0
OEC,OEC,Orbital Corporation Ltd,0
OEL,OEL,Otto Energy Ltd,0
OEQ,OEQ,Orion Equities Ltd,0
OEX,OEX,OILEX Ltd,0
OFX,OFX,OFX Group Ltd,0
OGA,OGA,Ocean Grown Abalone Ltd,0
OGC,OGC,Oceanagold Corporation,0
OGX,OGX,Orinoco Gold Ltd,0
OIL,OIL,Optiscan Imaging Ltd,0
OKJ,OKJ,Oakajee Corporation Ltd,0
OKR,OKR,Okapi Resources Ltd,0
OKU,OKU,Oklo Resources Ltd,0
OLH,OLH,Oldfields Holdings Ltd,0
OLI,OLI,Oliver's Real Food Ltd,0
OLL,OLL,Openlearning Ltd,0
OLV,OLV,Otherlevels Holdings Ltd,0
OMH,OMH,Om Holdings Ltd,0
OML,OML,Ooh!Media Ltd,0
ONE,ONE,Oneview Healthcare Plc,0
ONT,ONT,1300 Smiles Ltd,0
ONX,ONX,Orminex Ltd,0
OOK,OOK,Ookami Ltd,0
OOO,OOO,Betashares Crude Oil INDEX ETF-Currency Hedged (Synthetic),0
OPC,OPC,Opticomm Ltd,0
OPH,OPH,Ophir High Conviction Fund,0
OPL,OPL,Opyl Ltd,0
OPT,OPT,Opthea Ltd,0
OPY,OPY,Openpay Group Ltd,0
ORA,ORA,Orora Ltd,0
ORE,ORE,Orocobre Ltd,0
ORG,ORG,Origin Energy Ltd,0
ORI,ORI,Orica Ltd,0
ORM,ORM,Orion Metals Ltd,0
ORN,ORN,Orion Minerals Ltd,0
ORR,ORR,Orecorp Ltd,0
OSH,OSH,Oil Search Ltd,0
OSL,OSL,Oncosil Medical Ltd,0
OSP,OSP,Osprey Medical Inc,0
OSX,OSX,Osteopore Ltd,0
OTW,OTW,Over the Wire Holdings Ltd,0
OVH,OVH,Onevue Holdings Ltd,0
OVN,OVN,Oventus Medical Ltd,0
OVT,OVT,Ovato Ltd,0
OXX,OXX,Octanex Ltd,0
OZF,OZF,SPDR S&P/ASX 200 Financials Ex A-REIT Fund,0
OZG,OZG,Ozgrowth Ltd,0
OZL,OZL,OZ Minerals Ltd,0
OZR,OZR,SPDR S&P/ASX 200 Resources Fund,0
P2P,P2P,P2P Transport Ltd,0
PAA,PAA,Pharmaust Ltd,0
PAB,PAB,PATRYS Ltd,0
PAC,PAC,Pacific Current Group Ltd,0
PAF,PAF,PM Capital Asian Opportunities Fund Ltd,0
PAI,PAI,Platinum Asia Investments Ltd,0
PAK,PAK,Pacific American Holdings Ltd,0
PAL,PAL,Palla Pharma Ltd,0
PAN,PAN,Panoramic Resources Ltd,0
PAR,PAR,Paradigm Biopharmaceuticals Ltd,0
PAXX,PAXX,Platinum Asia Fund (Quoted Managed Hedge Fund),0
PBH,PBH,Pointsbet Holdings Ltd,0
PBP,PBP,Probiotec Ltd,0
PBX,PBX,Pacific Bauxite Ltd,0
PCG,PCG,Pengana Capital Group Ltd,0
PCH,PCH,Property Connect Holdings Ltd,0
PCI,PCI,Perpetual Credit Income Trust,0
PCK,PCK,Painchek Ltd,0
PCL,PCL,Pancontinental Oil & Gas NL,0
PDI,PDI,Predictive Discovery Ltd,0
PDL,PDL,Pendal Group Ltd,0
PDN,PDN,Paladin Energy Ltd,0
PDZ,PDZ,Prairie Mining Ltd,0
PE1,PE1,Pengana Private Equity Trust,0
PEC,PEC,Perpetual Resources Ltd,0
PEK,PEK,Peak Resources Ltd,0
PEL,PEL,Pelican Resources Ltd,0
PEN,PEN,Peninsula Energy Ltd,0
PET,PET,Phoslock Environmental Technologies Ltd,0
PEX,PEX,Peel Mining Ltd,0
PFG,PFG,Prime Financial Group Ltd,0
PFP,PFP,Propel Funeral Partners Ltd,0
PG1,PG1,Pearl Global Ltd,0
PGC,PGC,Paragon Care Ltd,0
PGF,PGF,PM Capital Global Opportunities Fund Ltd,0
PGG,PGG,Partners Group Global Income Fund,0
PGH,PGH,Pact Group Holdings Ltd,0
PGI,PGI,Panterra Gold Ltd,0
PGL,PGL,Prospa Group Ltd,0
PGM,PGM,Platina Resources Ltd,0
PGR,PGR,The Pas Group Ltd,0
PGX,PGX,Primero Group Ltd,0
PGY,PGY,Pilot Energy Ltd,0
PIA,PIA,Pengana International Equities Ltd,0
PIC,PIC,Perpetual Equity Investment Company Ltd,0
PIL,PIL,Peppermint Innovation Ltd,0
PIN,PIN,Pinchme.com Inc,0
PIO,PIO,Pioneer Resources Ltd,0
PIQ,PIQ,Proteomics International Laboratories Ltd,0
PIXX,PIXX,Platinum International Fund (Quoted Managed Hedge Fund),0
PKD,PKD,Parkd Ltd,0
PKO,PKO,Peako Ltd,0
PKS,PKS,PKS Holdings Ltd,0
PL8,PL8,Plato Income Maximiser Ltd,0
PLC,PLC,PLC Financial Solutions Ltd,0
PLL,PLL,Piedmont Lithium Ltd,0
PLS,PLS,Pilbara Minerals Ltd,0
PLUS,PLUS,Vaneck Vectors Australian Corporate Bond Plus ETF,0
PLX,PLX,Pyrolyx AG,0
PM1,PM1,Pure Minerals Ltd,0
PM8,PM8,Pensana Rare EARTHS Plc,0
PMC,PMC,Platinum Capital Ltd,0
PME,PME,Pro Medicus Ltd,0
PMGOLD,PMGOLD,Gold Corporation,0
PMV,PMV,Premier Investments Ltd,0
PMY,PMY,Pacifico Minerals Ltd,0
PNC,PNC,Pioneer Credit Ltd,0
PNI,PNI,Pinnacle Investment Management Group Ltd,0
PNL,PNL,Paringa Resources Ltd,0
PNN,PNN,Pepinnini Lithium Ltd,0
PNR,PNR,Pantoro Ltd,0
PNV,PNV,Polynovo Ltd,0
PNW,PNW,Pacific Star Network Ltd,0
PNX,PNX,PNX Metals Ltd,0
PO3,PO3,Purifloh Ltd,0
POD,POD,Podium Minerals Ltd,0
POS,POS,Poseidon Nickel Ltd,0
POU,POU,Betashares British Pound ETF,0
POW,POW,Protean Energy Ltd,0
PPC,PPC,Peet Ltd,0
PPE,PPE,People Infrastructure Ltd,0
PPG,PPG,Pro-Pac Packaging Ltd,0
PPH,PPH,Pushpay Holdings Ltd,0
PPK,PPK,PPK Group Ltd,0
PPL,PPL,Pureprofile Ltd,0
PPS,PPS,Praemium Ltd,0
PPT,PPT,Perpetual Ltd,0
PPY,PPY,Papyrus Australia Ltd,0
PRM,PRM,Prominence Energy NL,0
PRN,PRN,Perenti Global Ltd,0
PRO,PRO,Prophecy International Holdings Ltd,0
PRT,PRT,Prime Media Group Ltd,0
PRU,PRU,Perseus Mining Ltd,0
PRX,PRX,Prodigy Gold NL,0
PRZ,PRZ,Parazero Ltd,0
PSA,PSA,Petsec Energy Ltd,0
PSC,PSC,Prospect Resources Ltd,0
PSI,PSI,PSC Insurance Group Ltd,0
PSL,PSL,Paterson Resources Ltd,0
PSQ,PSQ,Pacific Smiles Group Ltd,0
PSZ,PSZ,PS&C Ltd,0
PTB,PTB,PTB Group Ltd,0
PTL,PTL,Pental Ltd,0
PTM,PTM,Platinum Asset Management Ltd,0
PTR,PTR,Petratherm Ltd,0
PTX,PTX,Prescient Therapeutics Ltd,0
PUA,PUA,Pure Alumina Ltd,0
PUR,PUR,Pursuit Minerals Ltd,0
PVE,PVE,Po Valley Energy Ltd,0
PVL,PVL,Powerhouse Ventures Ltd,0
PVS,PVS,Pivotal Systems Corporation,0
PWG,PWG,Primewest,0
PWH,PWH,PWR Holdings Ltd,0
PWL,PWL,Powerwrap Ltd,0
PWN,PWN,Parkway Minerals NL,0
PWNCA,PWNCA,Parkway Minerals NL,0
PXS,PXS,Pharmaxis Ltd,0
PXX,PXX,Polarx Ltd,0
PYC,PYC,PYC Therapeutics Ltd,0
PYG,PYG,Paygroup Ltd,0
QAG,QAG,Betashares Agriculture ETF-Currency Hedged (Synthetic),0
QAN,QAN,Qantas Airways Ltd,0
QAU,QAU,Betashares Gold Bullion ETF - Currency Hedged,0
QBE,QBE,QBE Insurance Group Ltd,0
QCB,QCB,Betashares Commodities Basket ETF-Currency Hedged(Synthetic),0
QEM,QEM,QEM Ltd,0
QFE,QFE,Quickfee Ltd,0
QFN,QFN,Betashares Australian Financials Sector ETF,0
QFY,QFY,Quantify Technology Holdings Ltd,0
QGL,QGL,Quantum Graphite Ltd,0
QHAL,QHAL,Vaneck Vectors MSCI World Ex Australia Quality (Hedged) ETF,0
QHL,QHL,Quickstep Holdings Ltd,0
QIP,QIP,QANTM Intellectual Property Ltd,0
QLTY,QLTY,Betashares Global Quality Leaders ETF,0
QMIX,QMIX,SPDR MSCI World Quality MIX Fund,0
QOZ,QOZ,Betashares Ftse Rafi Australia 200 ETF,0
QPON,QPON,Betashares Australian Bank Senior Floating Rate Bond ETF,0
QPR,QPR,Quattro Plus Real Estate,0
QRE,QRE,Betashares Australian Resources Sector ETF,0
QRI,QRI,Qualitas Real Estate Income Fund,0
QSS,QSS,Questus Ltd,0
QTG,QTG,Q Technology Group Ltd,0
QTM,QTM,Quantum Health Group Ltd,0
QUAL,QUAL,Vaneck Vectors MSCI World Ex Australia Quality ETF,0
QUB,QUB,QUBE Holdings Ltd,0
QUE,QUE,Queste Communications Ltd,0
QUS,QUS,Betashares Ftse Rafi U.S. 1000 ETF,0
QVE,QVE,QV Equities Ltd,0
R3D,R3D,R3D Global Ltd,0
RAC,RAC,Race Oncology Ltd,0
RAG,RAG,Ragnar Metals Ltd,0
RAN,RAN,Range International Ltd,0
RAP,RAP,Resapp Health Ltd,0
RARI,RARI,Russell Investments Australian Responsible Investment ETF,0
RBD,RBD,Restaurant Brands New Zealand Ltd,0
RBL,RBL,Redbubble Ltd,0
RBR,RBR,RBR Group Ltd,0
RBTZ,RBTZ,Betashares Global Robotics and Artificial Intelligence ETF,0
RBX,RBX,Resource Base Ltd,0
RCB,RCB,Russell Investments Australian Select Corporate Bond ETF,0
RCE,RCE,Recce Pharmaceuticals Ltd,0
RCL,RCL,Readcloud Ltd,0
RCP,RCP,Redbank Copper Ltd,0
RCT,RCT,Reef Casino Trust,0
RCW,RCW,Rightcrowd Ltd,0
RD1,RD1,Registry Direct Ltd,0
RDC,RDC,Redcape Hotel Group,0
RDF,RDF,Redflex Holdings Ltd,0
RDG,RDG,Resource Development Group Ltd,0
RDH,RDH,Redhill Education Ltd,0
RDM,RDM,Red Metal Ltd,0
RDN,RDN,Raiden Resources Ltd,0
RDS,RDS,Redstone Resources Ltd,0
RDV,RDV,Russell Investments High Dividend Australian Shares ETF,0
RDY,RDY,Readytech Holdings Ltd,0
RE1,RE1,Resa Group Ltd,0
REA,REA,REA Group Ltd,0
RED,RED,RED 5 Ltd,0
REE,REE,RAREX Ltd,0
REF,REF,Reverse Corp Ltd,0
REG,REG,Regis Healthcare Ltd,0
REH,REH,Reece Ltd,0
REIT,REIT,Vaneck Vectors Ftse International Property (Hedged) ETF,0
RENT,RENT,AMP Capital Global Property Sec Fund,0
RES,RES,Resource Generation Ltd,0
REV,REV,Real Estate Investar Group Ltd,0
REX,REX,Regional Express Holdings Ltd,0
REY,REY,REY Resources Ltd,0
REZ,REZ,Resources & Energy Group Ltd,0
RF1,RF1,Regal Investment Fund,0
RFF,RFF,Rural Funds Group,0
RFG,RFG,Retail Food Group Ltd,0
RFN,RFN,Reffind Ltd,0
RFR,RFR,Rafaella Resources Ltd,0
RFT,RFT,Rectifier Technologies Ltd,0
RFX,RFX,Redflow Ltd,0
RGB,RGB,Russell Investments Australian Government Bond ETF,0
RGI,RGI,Roto-Gro International Ltd,0
RGL,RGL,Riversgold Ltd,0
RGS,RGS,Regeneus Ltd,0
RHC,RHC,Ramsay Health Care Ltd,0
RHI,RHI,Red Hill Iron Ltd,0
RHP,RHP,Rhipe Ltd,0
RHT,RHT,Resonance Health Ltd,0
RHY,RHY,RHYTHM Biosciences Ltd,0
RIC,RIC,Ridley Corporation Ltd,0
RIE,RIE,Riedel Resources Ltd,0
RIM,RIM,Rimfire Pacific Mining NL,0
RINC,RINC,Betashares Legg Mason Real Income Fund (Managed Fund),0
RIO,RIO,RIO Tinto Ltd,0
RKN,RKN,Reckon Ltd,0
RLC,RLC,Reedy Lagoon Corporation Ltd,0
RLE,RLE,Real Energy Corporation Ltd,0
RLG,RLG,Roolife Group Ltd,0
RLT,RLT,Renergen Ltd,0
RMC,RMC,Resimac Group Ltd,0
RMD,RMD,Resmed Inc,0
RMG,RMG,RMG Ltd,0
RMI,RMI,Resource Mining Corporation Ltd,0
RML,RML,Resolution Minerals Ltd,0
RMP,RMP,Red Emperor Resources NL,0
RMS,RMS,Ramelius Resources Ltd,0
RMT,RMT,Rma Energy Ltd,0
RMX,RMX,Red Mountain Mining Ltd,0
RMY,RMY,Rma Global Ltd,0
RND,RND,Rand Mining Ltd,0
RNE,RNE,Renu Energy Ltd,0
RNO,RNO,Rhinomed Ltd,0
RNT,RNT,Rent.com.Au Ltd,0
RNU,RNU,Renascor Resources Ltd,0
RNX,RNX,Renegade Exploration Ltd,0
RNY,RNY,RNY Property Trust,0
ROBO,ROBO,ETFs Robo Global Robotics and Automation ETF,0
ROG,ROG,Red Sky Energy Ltd,0
ROO,ROO,Roots Sustainable Agricultural Technologies Ltd,0
RPG,RPG,Raptis Group Ltd,0
RPM,RPM,RPM Automotive Group Ltd,0
RRL,RRL,Regis Resources Ltd,0
RSG,RSG,Resolute Mining Ltd,0
RSH,RSH,Respiri Ltd,0
RSM,RSM,Russell Investments Australian Semi-Government Bond ETF,0
RTE,RTE,"Retech Technology Co., Ltd",0
RTG,RTG,RTG Mining Inc,0
RTR,RTR,Rumble Resources Ltd,0
RUL,RUL,Rpmglobal Holdings Ltd,0
RVR,RVR,Red River Resources Ltd,0
RVS,RVS,Revasum Inc,0
RWC,RWC,Reliance Worldwide Corporation Ltd,0
RWD,RWD,Reward Minerals Ltd,0
RXH,RXH,Rewardle Holdings Ltd,0
RXL,RXL,ROX Resources Ltd,0
RXM,RXM,REX Minerals Ltd,0
RXP,RXP,RXP Services Ltd,0
RYD,RYD,Ryder Capital Ltd,0
RZI,RZI,RAIZ Invest Ltd,0
S2R,S2R,S2 Resources Ltd,0
S32,S32,SOUTH32 Ltd,0
S66,S66,Star Combo Pharma Ltd,0
SAM,SAM,SIV Asset Management Ltd,0
SAN,SAN,Sagalio Energy Ltd,0
SAR,SAR,Saracen Mineral Holdings Ltd,0
SAS,SAS,Sky and Space Global Ltd,0
SAU,SAU,Southern Gold Ltd,0
SAVE,SAVE,Pinnacle Ashares Global Dynamic Income Fund (Managed Fund),0
SBI,SBI,Sterling Plantations Ltd,0
SBM,SBM,ST Barbara Ltd,0
SBR,SBR,Sabre Resources Ltd,0
SBU,SBU,Siburan Resources Ltd,0
SBW,SBW,Shekel Brainweigh Ltd,0
SCG,SCG,Scentre Group,0
SCI,SCI,Silver City Minerals Ltd,0
SCL,SCL,Schrole Group Ltd,0
SCN,SCN,Scorpion Minerals Ltd,0
SCP,SCP,Shopping Centres Australasia Property Group,0
SCT,SCT,Scout Security Ltd,0
SCU,SCU,Stemcell United Ltd,0
SDA,SDA,Speedcast International Ltd,0
SDF,SDF,Steadfast Group Ltd,0
SDG,SDG,Sunland Group Ltd,0
SDI,SDI,SDI Ltd,0
SDL,SDL,Sundance Resources Ltd,0
SDV,SDV,Scidev Ltd,0
SDX,SDX,Sienna Cancer Diagnostics Ltd,0
SE1,SE1,Sensera Ltd,0
SEC,SEC,Spheria Emerging Companies Ltd,0
SEI,SEI,Speciality Metals International Ltd,0
SEK,SEK,Seek Ltd,0
SELF,SELF,Selfwealth SMSF Leaders ETF,0
SEN,SEN,Senetas Corporation Ltd,0
SEQ,SEQ,Sequoia Financial Group Ltd,0
SER,SER,Strategic Energy Resources Ltd,0
SES,SES,Secos Group Ltd,0
SF1,SF1,Stemify Ltd,0
SFC,SFC,Schaffer Corporation Ltd,0
SFG,SFG,Seafarms Group Ltd,0
SFM,SFM,Santa Fe Minerals Ltd,0
SFR,SFR,Sandfire Resources Ltd,0
SFX,SFX,Sheffield Resources Ltd,0
SFY,SFY,SPDR S&P/ASX 50 Fund,0
SGC,SGC,Sacgasco Ltd,0
SGF,SGF,SG Fleet Group Ltd,0
SGH,SGH,Slater & Gordon Ltd,0
SGI,SGI,Stealth Global Holdings Ltd,0
SGLLV,SGLLV,Ricegrowers Ltd,0
SGM,SGM,Sims Ltd,0
SGO,SGO,Stream Group Ltd,0
SGP,SGP,Stockland,0
SGQ,SGQ,ST George Mining Ltd,0
SGR,SGR,The Star Entertainment Group Ltd,0
SHE,SHE,Stonehorse Energy Ltd,0
SHH,SHH,Shree Minerals Ltd,0
SHJ,SHJ,Shine Justice Ltd,0
SHK,SHK,Stone Resources Australia Ltd,0
SHL,SHL,Sonic Healthcare Ltd,0
SHM,SHM,Shriro Holdings Ltd,0
SHO,SHO,Sportshero Ltd,0
SHV,SHV,Select Harvests Ltd,0
SI6,SI6,SIX Sigma Metals Ltd,0
SIG,SIG,Sigma Healthcare Ltd,0
SIH,SIH,Sihayo Gold Ltd,0
SIL,SIL,Smiles Inclusive Ltd,0
SIO,SIO,Simonds Group Ltd,0
SIQ,SIQ,Smartgroup Corporation Ltd,0
SIS,SIS,Simble Solutions Ltd,0
SIT,SIT,Site Group International Ltd,0
SIV,SIV,SIV Capital Ltd,0
SIX,SIX,Sprintex Ltd,0
SKC,SKC,Skycity Entertainment Group Ltd,0
SKF,SKF,SKYFII Ltd,0
SKI,SKI,Spark Infrastructure Group,0
SKN,SKN,Skin Elements Ltd,0
SKO,SKO,Serko Ltd,0
SKT,SKT,Sky Network Television Ltd,0
SKY,SKY,SKY Metals Ltd,0
SL1,SL1,SYMBOL Mining Ltd,0
SLC,SLC,Superloop Ltd,0
SLF,SLF,SPDR S&P/ASX 200 Listed Property Fund,0
SLK,SLK,Sealink Travel Group Ltd,0
SLM,SLM,Salmat Ltd,0
SLR,SLR,Silver Lake Resources Ltd,0
SLX,SLX,SILEX Systems Ltd,0
SLZ,SLZ,Sultan Resources Ltd,0
SM1,SM1,Synlait Milk Ltd,0
SMC,SMC,Strategic Minerals Corporation NL,0
SMG,SMG,Soon Mining Ltd,0
SMI,SMI,Santana Minerals Ltd,0
SMLL,SMLL,Betashares Aust Small Companies Select Fund (Managed Fund),0
SMN,SMN,Structural Monitoring Systems Plc,0
SMP,SMP,Smartpay Holdings Ltd,0
SMR,SMR,Stanmore Coal Ltd,0
SMX,SMX,Security Matters Ltd,0
SNC,SNC,Sandon Capital Investments Ltd,0
SND,SND,Saunders International Ltd,0
SNL,SNL,Supply Network Ltd,0
SNS,SNS,Sensen Networks Ltd,0
SNZ,SNZ,Summerset Group Holdings Ltd,0
SO4,SO4,Salt Lake Potash Ltd,0
SOL,SOL,Washington H Soul Pattinson & Company Ltd,0
SOM,SOM,Somnomed Ltd,0
SOP,SOP,Synertec Corporation Ltd,0
SOR,SOR,Strategic Elements Ltd,0
SP3,SP3,Spectur Ltd,0
SPK,SPK,Spark New Zealand Ltd,0
SPL,SPL,Starpharma Holdings Ltd,0
SPQ,SPQ,Superior Resources Ltd,0
SPT,SPT,Splitit Payments Ltd,0
SPX,SPX,Spectrum Metals Ltd,0
SPY,SPY,SPDR S&P 500 ETF Trust,0
SPZ,SPZ,Smart Parking Ltd,0
SRG,SRG,SRG Global Ltd,0
SRH,SRH,Saferoads Holdings Ltd,0
SRI,SRI,Sipa Resources Ltd,0
SRK,SRK,Strike Resources Ltd,0
SRN,SRN,Surefire Resources NL,0
SRV,SRV,Servcorp Ltd,0
SRY,SRY,Story-I Ltd,0
SRZ,SRZ,Stellar Resources Ltd,0
SSG,SSG,Shaver Shop Group Ltd,0
SSL,SSL,Sietel Ltd,0
SSLPA,SSLPA,Sietel Ltd,0
SSM,SSM,Service Stream Ltd,0
SSO,SSO,SPDR S&P/ASX Small Ordinaries Fund,0
SST,SST,Steamships Trading Company Ltd,0
ST1,ST1,Spirit Telecom Ltd,0
STA,STA,Strandline Resources Ltd,0
STC,STC,Sinetech Ltd,0
STG,STG,Straker Translations Ltd,0
STM,STM,Sunstone Metals Ltd,0
STN,STN,Saturn Metals Ltd,0
STO,STO,Santos Ltd,0
STW,STW,SPDR S&P/ASX 200 Fund,0
STX,STX,Strike Energy Ltd,0
SUBD,SUBD,Vaneck Vectors Australian Subordinated Debt ETF,0
SUD,SUD,Suda Pharmaceuticals Ltd,0
SUH,SUH,Southern Hemisphere Mining Ltd,0
SUL,SUL,Super Retail Group Ltd,0
SUN,SUN,Suncorp Group Ltd,0
SUP,SUP,Superior Lake Resources Ltd,0
SVA,SVA,Simavita Ltd,0
SVD,SVD,Scandivanadium Ltd,0
SVH,SVH,Silver Heritage Group Ltd,0
SVL,SVL,Silver Mines Ltd,0
SVM,SVM,Sovereign Metals Ltd,0
SVS,SVS,Sunvest Corporation Ltd,0
SVW,SVW,Seven Group Holdings Ltd,0
SVY,SVY,Stavely Minerals Ltd,0
SW1,SW1,Swift Media Ltd,0
SWF,SWF,Selfwealth Ltd,0
SWK,SWK,Swick Mining Services Ltd,0
SWM,SWM,Seven West Media Ltd,0
SWTZ,SWTZ,Switzer Dividend Growth Fund (Managed Fund),0
SXA,SXA,Strata-X Energy Ltd,0
SXE,SXE,Southern Cross Electrical Engineering Ltd,0
SXL,SXL,Southern Cross Media Group Ltd,0
SXX,SXX,Southern Cross Exploration N.L.,0
SXY,SXY,SENEX Energy Ltd,0
SYA,SYA,Sayona Mining Ltd,0
SYD,SYD,Sydney Airport,0
SYI,SYI,SPDR MSCI Australia Select High Dividend Yield Fund,0
SYR,SYR,Syrah Resources Ltd,0
SYS,SYS,SYNGAS Limited,0
SYT,SYT,Syntonic Ltd,0
SZL,SZL,Sezzle Inc,0
T3D,T3D,333D Ltd,0
TAH,TAH,Tabcorp Holdings Ltd,0
TAM,TAM,Tanami Gold NL,0
TAO,TAO,TAO Commodities Ltd,0
TAP,TAP,TAP Oil Ltd,0
TAR,TAR,Taruga Minerals Ltd,0
TAS,TAS,Tasman Resources Ltd,0
TBL,TBL,Tambla Ltd,0
TBR,TBR,Tribune Resources Ltd,0
TCL,TCL,Transurban Group,0
TCN,TCN,Techniche Ltd,0
TCO,TCO,Transmetro Corporation Ltd,0
TD1,TD1,Tali Digital Ltd,0
TDI,TDI,360 Capital Digital Infrastructure Fund,0
TDL,TDL,TBG Diagnostics Ltd,0
TDO,TDO,3D Oil Ltd,0
TDY,TDY,Thedocyard Ltd,0
TECH,TECH,ETFs Morningstar Global Technology ETF,0
TEG,TEG,Triangle Energy (Global) Ltd,0
TEK,TEK,Thorney Technologies Ltd,0
TER,TER,Terracom Ltd,0
TFL,TFL,Tasfoods Ltd,0
TGA,TGA,Thorn Group Ltd,0
TGF,TGF,Tribeca Global Natural Resources Ltd,0
TGG,TGG,Templeton Global Growth Fund Ltd,0
TGH,TGH,Terragen Holdings Ltd,0
TGM,TGM,Theta Gold Mines Ltd,0
TGN,TGN,Tungsten Mining NL,0
TGO,TGO,Trimantium Growthops Ltd,0
TGP,TGP,360 Capital Group,0
TGR,TGR,Tassal Group Ltd,0
THC,THC,THC Global Group Ltd,0
THD,THD,Thred Ltd,0
THR,THR,Thor Mining Plc,0
TIA,TIA,Tian An Australia Ltd,0
TIE,TIE,Tietto Minerals Ltd,0
TIG,TIG,Tigers Realm Coal Ltd,0
TIN,TIN,TNT Mines Ltd,0
TIP,TIP,Teaminvest Private Group Ltd,0
TKF,TKF,Tikforce Ltd,0
TKL,TKL,Traka Resources Ltd,0
TKM,TKM,Trek Metals Ltd,0
TLG,TLG,Talga Resources Ltd,0
TLM,TLM,Talisman Mining Ltd,0
TLS,TLS,Telstra Corporation Ltd,0
TLT,TLT,Tilt Renewables Ltd,0
TLX,TLX,TELIX Pharmaceuticals Ltd,0
TMG,TMG,Trigg Mining Ltd,0
TMK,TMK,Tamaska Oil and Gas Ltd,0
TML,TML,Timah Resources Ltd,0
TMR,TMR,Tempus Resources Ltd,0
TMT,TMT,Technology Metals Australia Ltd,0
TMX,TMX,Terrain Minerals Ltd,0
TMZ,TMZ,Thomson Resources Ltd,0
TNE,TNE,Technology One Ltd,0
TNG,TNG,TNG Ltd,0
TNK,TNK,Think Childcare Group,0
TNP,TNP,Triple Energy Ltd,0
TNR,TNR,Torian Resources Ltd,0
TNT,TNT,Tesserent Ltd,0
TNY,TNY,Tinybeans Group Ltd,0
TOE,TOE,Toro Energy Ltd,0
TOM,TOM,Tomizone Ltd,0
TON,TON,Triton Minerals Ltd,0
TOP,TOP,Thorney Opportunities Ltd,0
TOT,TOT,360 Capital REIT,0
TOU,TOU,Tlou Energy Ltd,0
TPC,TPC,TPC Consolidated Ltd,0
TPD,TPD,Talon Petroleum Ltd,0
TPM,TPM,TPG Telecom Ltd,0
TPO,TPO,Tian Poh Resources Ltd,0
TPP,TPP,Tempo Australia Ltd,0
TPS,TPS,Threat Protect Australia Ltd,0
TPW,TPW,Temple & Webster Group Ltd,0
TRA,TRA,Turners Automotive Group Ltd,0
TRL,TRL,Tanga Resources Ltd,0
TRM,TRM,Truscott Mining Corporation Ltd,0
TRS,TRS,The Reject Shop Ltd,0
TRT,TRT,Todd River Resources Ltd,0
TRY,TRY,Troy Resources Ltd,0
TSC,TSC,Twenty Seven Co. Ltd,0
TSL,TSL,Titanium Sands Ltd,0
TSO,TSO,Tesoro Resources Ltd,0
TTA,TTA,TTA Holdings Ltd,0
TTB,TTB,Total Brain Ltd,0
TTI,TTI,Traffic Technologies Ltd,0
TTL,TTL,Transcendence Technologies Ltd,0
TTM,TTM,Titan Minerals Ltd,0
TTT,TTT,Titomic Ltd,0
TV2,TV2,TV2U International Ltd,0
TWD,TWD,Tamawood Ltd,0
TWE,TWE,Treasury Wine Estates Ltd,0
TWR,TWR,Tower Ltd,0
TYM,TYM,TYMLEZ Group Ltd,0
TYR,TYR,Tyro Payments Ltd,0
TYX,TYX,Tyranna Resources Ltd,0
TZL,TZL,TZ Ltd,0
TZN,TZN,Terramin Australia Ltd,0
UBA,UBA,Ubs IQ MSCI Australia Ethical ETF,0
UBE,UBE,Ubs IQ MSCI Europe Ethical ETF,0
UBI,UBI,Universal Biosensors Inc,0
UBJ,UBJ,Ubs IQ MSCI Japan Ethical ETF,0
UBN,UBN,Urbanise.com Ltd,0
UBP,UBP,Ubs IQ MSCI Asia APEX 50 Ethical ETF,0
UBU,UBU,Ubs IQ MSCI Usa Ethical ETF,0
UBW,UBW,Ubs IQ MSCI World Ex Australia Ethical ETF,0
UCM,UCM,Uscom Ltd,0
UCW,UCW,UCW Ltd,0
UMAX,UMAX,Betashares S&P 500 Yield Maximiser Fund,0
UMG,UMG,United Malt Group Ltd,0
UNL,UNL,United Networks Ltd,0
UNV,UNV,Universal Coal Plc,0
UOS,UOS,United Overseas Australia Ltd,0
URF,URF,US Masters Residential Property Fund,0
URW,URW,Unibail-Rodamco-Westfield,0
USD,USD,Betashares U.S. Dollar ETF,0
UTR,UTR,Ultracharge Limited,0
UUL,UUL,Ultima United Ltd,0
UUV,UUV,UUV Aquabotix Ltd,0
UWL,UWL,Uniti Group Ltd,0
VACF,VACF,Vanguard Australian Corp Fixed Interest INDEX ETF,0
VAE,VAE,Vanguard Ftse Asia Ex Japan Shares INDEX ETF,0
VAF,VAF,Vanguard Australian Fixed Interest INDEX ETF,0
VAH,VAH,Virgin Australia Holdings Ltd,0
VAL,VAL,Valor Resources Ltd,0
VAN,VAN,Vango Mining Ltd,0
VAP,VAP,Vanguard Australian Property Securities INDEX ETF,0
VAR,VAR,Variscan Mines Ltd,0
VAS,VAS,Vanguard Australian Shares INDEX ETF,0
VBLD,VBLD,Vanguard Global Infrastructure INDEX ETF,0
VBND,VBND,Vanguard Global Aggregate Bond INDEX (Hedged) ETF,0
VBS,VBS,Vectus Biosystems Ltd,0
VCF,VCF,Vanguard International Credit Securities INDEX (Hedged) ETF,0
VCX,VCX,Vicinity Centres,0
VDBA,VDBA,Vanguard Diversified Balanced INDEX ETF,0
VDCO,VDCO,Vanguard Diversified Conservative INDEX ETF,0
VDGR,VDGR,Vanguard Diversified Growth INDEX ETF,0
VDHG,VDHG,Vanguard Diversified High Growth INDEX ETF,0
VEA,VEA,Viva Energy Group Ltd,0
VEC,VEC,Vector Resources Ltd,0
VEE,VEE,Veem Ltd,0
VEFI,VEFI,Vanguard Ethically Conscious GLB Agg Bond INDEX (Hedged) ETF,0
VEN,VEN,Vintage Energy Ltd,0
VEQ,VEQ,Vanguard Ftse Europe Shares ETF,0
VESG,VESG,Vanguard Ethically Conscious International Shares INDEX ETF,0
VEU,VEU,Vanguard All-World Ex-US Shares INDEX ETF,0
VG1,VG1,Vgi Partners Global Investments Ltd,0
VG8,VG8,Vgi Partners Asian Investments Ltd,0
VGAD,VGAD,Vanguard MSCI INDEX International Shares (Hedged) ETF,0
VGB,VGB,Vanguard Australian Government Bond INDEX ETF,0
VGE,VGE,Vanguard Ftse Emerging Markets Shares ETF,0
VGI,VGI,VGI Partners Ltd,0
VGL,VGL,Vista Group International Ltd,0
VGMF,VGMF,Vanguard Global Multi-Factor Active ETF (Managed Fund),0
VGS,VGS,Vanguard MSCI INDEX International Shares ETF,0
VHT,VHT,Volpara Health Technologies Ltd,0
VHY,VHY,Vanguard Australian Shares High Yield ETF,0
VIA,VIA,Viagold Capital Ltd,0
VIC,VIC,Victory Mines Ltd,0
VIF,VIF,Vanguard International Fixed Interest INDEX (Hedged) ETF,0
VIG,VIG,Victor Group Holdings Ltd,0
VII,VII,Vietnam Industrial Investments Ltd,0
VIP,VIP,VIP Gloves Ltd,0
VISM,VISM,Vanguard MSCI International Small Companies INDEX ETF,0
VIV,VIV,Vivid Technology Ltd,0
VKA,VKA,Viking Mines Ltd,0
VLC,VLC,Vanguard MSCI Australian Large Companies INDEX ETF,0
VLS,VLS,Vita Life Sciences Ltd,0
VLT,VLT,Vault Intelligence Ltd,0
VMC,VMC,Venus Metals Corporation Ltd,0
VMG,VMG,VDM Group Ltd,0
VMIN,VMIN,Vanguard Global Minimum Volatility Active ETF (Managed Fund),0
VML,VML,Vital Metals Ltd,0
VMS,VMS,Venture Minerals Ltd,0
VMT,VMT,Vmoto Ltd,0
VMX,VMX,Valmec Ltd,0
VMY,VMY,Vimy Resources Ltd,0
VN8,VN8,VONEX Ltd,0
VOC,VOC,Vocus Group Ltd,0
VOL,VOL,Victory Offices Ltd,0
VOR,VOR,Vortiv Ltd,0
VP7,VP7,Velocity Property Group Ltd,0
VPC,VPC,VPCL Ltd,0
VPR,VPR,Volt Power Group Ltd,0
VR1,VR1,Vection Technologies Ltd,0
VR8,VR8,Vanadium Resources Ltd,0
VRC,VRC,Volt Resources Ltd,0
VRL,VRL,Village Roadshow Ltd,0
VRS,VRS,Veris Ltd,0
VRT,VRT,Virtus Health Ltd,0
VRX,VRX,VRX Silica Ltd,0
VSO,VSO,Vanguard MSCI Australian Small Companies INDEX ETF,0
VTG,VTG,Vita Group Ltd,0
VTH,VTH,Vitalharvest Freehold Trust,0
VTI,VTI,"Visioneering Technologies, Inc",0
VTS,VTS,Vanguard US Total Market Shares INDEX ETF,0
VUK,VUK,Virgin Money Uk Plc,0
VUL,VUL,Vulcan Energy Resources Ltd,0
VVA,VVA,Viva Leisure Ltd,0
VVLU,VVLU,Vanguard Global Value Equity Active ETF (Managed Fund),0
VVR,VVR,Viva Energy REIT,0
VXR,VXR,Venturex Resources Ltd,0
VYS,VYS,Vysarn Ltd,0
WAA,WAA,Wam Active Ltd,0
WAF,WAF,West African Resources Ltd,0
WAM,WAM,WAM Capital Ltd,0
WAT,WAT,Waterco Ltd,0
WAX,WAX,Wam Research Ltd,0
WBC,WBC,Westpac Banking Corporation,0
WBE,WBE,Whitebark Energy Ltd,0
WBT,WBT,Weebit Nano Ltd,0
WCMQ,WCMQ,WCM Quality Global Growth Fund (Quoted Managed Fund),0
WCN,WCN,White Cliff Minerals Ltd,0
WDIV,WDIV,SPDR S&P Global Dividend Fund,0
WDMF,WDMF,Ishares Edge MSCI World Multifactor ETF,0
WEB,WEB,Webjet Ltd,0
WEC,WEC,White Energy Company Ltd,0
WEL,WEL,Winchester Energy Ltd,0
WEMG,WEMG,SPDR S&P Emerging Markets Fund,0
WES,WES,Wesfarmers Ltd,0
WFE,WFE,Winmar Resources Ltd,0
WGB,WGB,Wam Global Ltd,0
WGN,WGN,Wagners Holding Company Ltd,0
WGO,WGO,Warrego Energy Ltd,0
WGX,WGX,Westgold Resources Ltd,0
WHA,WHA,Wattle Health Australia Ltd,0
WHC,WHC,Whitehaven Coal Ltd,0
WHF,WHF,Whitefield Ltd,0
WHFPA,WHFPA,Whitefield Ltd,0
WHK,WHK,Whitehawk Ltd,0
WIC,WIC,Westoz Investment Company Ltd,0
WJA,WJA,Wameja Ltd,0
WKT,WKT,Walkabout Resources Ltd,0
WLC,WLC,Wollongong Coal Ltd,0
WLD,WLD,Wellard Ltd,0
WLE,WLE,Wam Leaders Ltd,0
WLF,WLF,Wolf Minerals,0
WMI,WMI,Wam Microcap Ltd,0
WML,WML,Woomera Mining Ltd,0
WNB,WNB,Wellness and Beauty Solutions Ltd,0
WND,WND,Windlab Ltd,0
WNR,WNR,Wingara AG Ltd,0
WNS,WNS,World.Net Services Ltd,0
WOA,WOA,Wide Open Agriculture Ltd,0
WOR,WOR,Worley Ltd,0
WOW,WOW,Woolworths Group Ltd,0
WPL,WPL,Woodside Petroleum Ltd,0
WPP,WPP,WPP AUNZ Ltd,0
WQG,WQG,WCM Global Growth Ltd,0
WRLD,WRLD,Betashares Managed Risk Global Share Fund (Managed Fund),0
WRM,WRM,White Rock Minerals Ltd,0
WSA,WSA,Western Areas Ltd,0
WSI,WSI,Weststar Industrial Ltd,0
WSP,WSP,Whispir Ltd,0
WTC,WTC,Wisetech Global Ltd,0
WTL,WTL,WT Financial Group Ltd,0
WVOL,WVOL,Ishares Edge MSCI World Minimum Volatility ETF,0
WWG,WWG,Wiseway Group Ltd,0
WWI,WWI,West Wits Mining Ltd,0
WXHG,WXHG,SPDR S&P World Ex Australia (Hedged) Fund,0
WXOZ,WXOZ,SPDR S&P World Ex Australia Fund,0
WZR,WZR,Wisr Ltd,0
XAM,XAM,Xanadu Mines Ltd,0
XARO,XARO,Activex Ardea Real Outcome Bond Fund (Managed Fund),0
XCD,XCD,XCD Energy Ltd,0
XF1,XF1,Xref Ltd,0
XPD,XPD,XPD Soccer Gear Group Ltd,0
XPE,XPE,Xped Ltd,0
XPL,XPL,Xplore Wealth Ltd,0
XRF,XRF,XRF Scientific Ltd,0
XRO,XRO,Xero Ltd,0
XST,XST,Xstate Resources Ltd,0
XTC,XTC,Xantippe Resources Ltd,0
XTD,XTD,XTD Ltd,0
XTE,XTE,Xtek Ltd,0
YAL,YAL,Yancoal Australia Ltd,0
YANK,YANK,Betashares Strong U.S. Dollar Fund (Hedge Fund),0
YBR,YBR,Yellow Brick Road Holdings Ltd,0
YMAX,YMAX,Betashares Aus TOP20 Equity Yield MAX Fund (MG FD),0
YOJ,YOJ,Yojee Ltd,0
YOW,YOW,Yowie Group Ltd,0
YPB,YPB,YPB Group Ltd,0
YRL,YRL,Yandal Resources Ltd,0
Z1P,Z1P,ZIP Co Ltd,0
Z3RO,Z3RO,Pinnacle Ashares Dynamic Cash Fund (Managed Fund),0
ZEL,ZEL,Z Energy Ltd,0
ZEN,ZEN,Zenith Energy Ltd,0
ZER,ZER,ZETA Resources Ltd,0
ZEU,ZEU,ZEUS Resources Ltd,0
ZGL,ZGL,ZICOM Group Ltd,0
ZIM,ZIM,Zimplats Holdings Ltd,0
ZIP,ZIP,Ziptel Ltd,0
ZLD,ZLD,Zelira Therapeutics Ltd,0
ZMI,ZMI,ZINC of Ireland NL,0
ZMICA,ZMICA,ZINC of Ireland NL,0
ZNC,ZNC,Zenith Minerals Ltd,0
ZNO,ZNO,ZOONO Group Ltd,0
ZUSD,ZUSD,ETFs Enhanced Usd Cash ETF,0
ZYAU,ZYAU,ETFs S&P/ASX 300 High Yield Plus ETF,0
ZYB,ZYB,ZYBER Holdings Ltd,0
ZYUS,ZYUS,ETFs S&P 500 High Yield Low Volatility ETF,0
